group	key	english	full_context	type	advancement_id	ru_manual
A. ADVANCEMENT UI	Find a Traveller's Map	Find a Traveller's Map	Показывается в hover/description advancement `A Journey Begins`. Полный hover-текст: `A Journey Begins` / `Find a Traveller's Map` / `Adventure tab` / `Advancement added by Terralith version`. Эта строка заменяет вторую строку описания advancement.	DESCRIPTION	blazeandcave:adventure/a_journey_begins	
G. COMPOSITE / FRAGMENTED STRINGS	's Advancements Pack!	's Advancements Pack!	Составной брендовый заголовок. Полные итоговые фразы: `Thank you for downloading\nBlaze and Cave's Advancements Pack!` и `This world is using Blaze and Cave's Advancements Pack!`. Этот key заменяет только хвост после компонентов `Blaze` + `and` + `Cave`.	MESSAGE		
G. COMPOSITE / FRAGMENTED STRINGS	and	and	Составной брендовый компонент внутри имени `Blaze and Cave`. Полная целевая фраза в местах использования: `Blaze and Cave's Advancements Pack!`. Отдельно эту строку переводить нельзя без учета всей фразы целиком.	MESSAGE		
B. CONFIG / COOP	Everyone's currently-obtained advancements will be shared between all players on their team immediately when turning this setting on.	Everyone's currently-obtained advancements will be shared between all players on their team immediately when turning this setting on.	Показывается в окне подтверждения включения Team Cooperative Mode. Полный блок: `Are you sure?` / `Team Cooperative Mode makes it so that whenever a player gets an advancement, that advancement will be shared across all players on a team.` / `Everyone's currently-obtained advancements will be shared between all players on their team immediately when turning this setting on.` / `While the mode can be turned off, shared advancements cannot be easily revoked.` Эта строка - золотое предупреждение о немедленном шаринге уже полученных достижений.	MESSAGE	blazeandcave:config/coop_ru_sure_team	
B. CONFIG / COOP	Team Cooperative Mode makes it so that whenever a player gets an advancement, that advancement will be shared across all players on a team.	Team Cooperative Mode makes it so that whenever a player gets an advancement, that advancement will be shared across all players on a team.	Показывается в окне подтверждения включения Team Cooperative Mode. Полный блок: `Are you sure?` / `Team Cooperative Mode makes it so that whenever a player gets an advancement, that advancement will be shared across all players on a team.` / `Everyone's currently-obtained advancements will be shared between all players on their team immediately when turning this setting on.` / `While the mode can be turned off, shared advancements cannot be easily revoked.` Эта строка - основное описание режима.	MESSAGE	blazeandcave:config/coop_ru_sure_team	
G. COMPOSITE / FRAGMENTED STRINGS	Created by 	Created by 	Фрагмент приветственного сообщения. Полная итоговая строка: `Created by Cavinator1`, где `Cavinator1` показывается отдельным кликабельным text-компонентом. Этот key заменяет только префикс перед именем автора.	MESSAGE	blazeandcave:msg_welcome.mcfunction/msg_welcome	
C. RIDDLE	Eighth line complete...	Eighth line complete...	Системное сообщение прогресса для super challenge `Riddle Me This`. Полная загадка advancement: `The first is to smith a compass that vanishes` / `The second is to slay a corpse that fishes` / `The third is to travel on an upside-down mount` / `The fourth is to take a temple tripwire into account` / `The fifth is to be invisible yet be visible everywhere` / `The sixth is to return the product of a fowl in mid-air` / `The seventh is to allow a child to commit the act of stealing` / `The eighth is to smite a Wither with splash healing` / `The ninth is to be a pirate; parrot, spyglass, map, and boat` / `The tenth, if you can achieve it, you will be the G.O.A.T.` Эта строка показывается отдельно после выполнения пункта `The eighth is to smite a Wither with splash healing`.	MESSAGE	blazeandcave:riddle/eighth_line	
C. RIDDLE	Fifth line complete...	Fifth line complete...	Системное сообщение прогресса для super challenge `Riddle Me This`. Полная загадка advancement: `The first is to smith a compass that vanishes` / `The second is to slay a corpse that fishes` / `The third is to travel on an upside-down mount` / `The fourth is to take a temple tripwire into account` / `The fifth is to be invisible yet be visible everywhere` / `The sixth is to return the product of a fowl in mid-air` / `The seventh is to allow a child to commit the act of stealing` / `The eighth is to smite a Wither with splash healing` / `The ninth is to be a pirate; parrot, spyglass, map, and boat` / `The tenth, if you can achieve it, you will be the G.O.A.T.` Эта строка показывается отдельно после выполнения пункта `The fifth is to be invisible yet be visible everywhere`.	MESSAGE	blazeandcave:riddle/fifth_line	
C. RIDDLE	First line complete...	First line complete...	Системное сообщение прогресса для super challenge `Riddle Me This`. Полная загадка advancement: `The first is to smith a compass that vanishes` / `The second is to slay a corpse that fishes` / `The third is to travel on an upside-down mount` / `The fourth is to take a temple tripwire into account` / `The fifth is to be invisible yet be visible everywhere` / `The sixth is to return the product of a fowl in mid-air` / `The seventh is to allow a child to commit the act of stealing` / `The eighth is to smite a Wither with splash healing` / `The ninth is to be a pirate; parrot, spyglass, map, and boat` / `The tenth, if you can achieve it, you will be the G.O.A.T.` Эта строка показывается отдельно после выполнения пункта `The first is to smith a compass that vanishes`.	MESSAGE	blazeandcave:riddle/first_line	
C. RIDDLE	Fourth line complete...	Fourth line complete...	Системное сообщение прогресса для super challenge `Riddle Me This`. Полная загадка advancement: `The first is to smith a compass that vanishes` / `The second is to slay a corpse that fishes` / `The third is to travel on an upside-down mount` / `The fourth is to take a temple tripwire into account` / `The fifth is to be invisible yet be visible everywhere` / `The sixth is to return the product of a fowl in mid-air` / `The seventh is to allow a child to commit the act of stealing` / `The eighth is to smite a Wither with splash healing` / `The ninth is to be a pirate; parrot, spyglass, map, and boat` / `The tenth, if you can achieve it, you will be the G.O.A.T.` Эта строка показывается отдельно после выполнения пункта `The fourth is to take a temple tripwire into account`.	MESSAGE	blazeandcave:riddle/fourth_line	
C. RIDDLE	Ninth line complete...	Ninth line complete...	Системное сообщение прогресса для super challenge `Riddle Me This`. Полная загадка advancement: `The first is to smith a compass that vanishes` / `The second is to slay a corpse that fishes` / `The third is to travel on an upside-down mount` / `The fourth is to take a temple tripwire into account` / `The fifth is to be invisible yet be visible everywhere` / `The sixth is to return the product of a fowl in mid-air` / `The seventh is to allow a child to commit the act of stealing` / `The eighth is to smite a Wither with splash healing` / `The ninth is to be a pirate; parrot, spyglass, map, and boat` / `The tenth, if you can achieve it, you will be the G.O.A.T.` Эта строка показывается отдельно после выполнения пункта `The ninth is to be a pirate; parrot, spyglass, map, and boat`.	MESSAGE	blazeandcave:riddle/ninth_line	
C. RIDDLE	Second line complete...	Second line complete...	Системное сообщение прогресса для super challenge `Riddle Me This`. Полная загадка advancement: `The first is to smith a compass that vanishes` / `The second is to slay a corpse that fishes` / `The third is to travel on an upside-down mount` / `The fourth is to take a temple tripwire into account` / `The fifth is to be invisible yet be visible everywhere` / `The sixth is to return the product of a fowl in mid-air` / `The seventh is to allow a child to commit the act of stealing` / `The eighth is to smite a Wither with splash healing` / `The ninth is to be a pirate; parrot, spyglass, map, and boat` / `The tenth, if you can achieve it, you will be the G.O.A.T.` Эта строка показывается отдельно после выполнения пункта `The second is to slay a corpse that fishes`.	MESSAGE	blazeandcave:riddle/second_line	
C. RIDDLE	Seventh line complete...	Seventh line complete...	Системное сообщение прогресса для super challenge `Riddle Me This`. Полная загадка advancement: `The first is to smith a compass that vanishes` / `The second is to slay a corpse that fishes` / `The third is to travel on an upside-down mount` / `The fourth is to take a temple tripwire into account` / `The fifth is to be invisible yet be visible everywhere` / `The sixth is to return the product of a fowl in mid-air` / `The seventh is to allow a child to commit the act of stealing` / `The eighth is to smite a Wither with splash healing` / `The ninth is to be a pirate; parrot, spyglass, map, and boat` / `The tenth, if you can achieve it, you will be the G.O.A.T.` Эта строка показывается отдельно после выполнения пункта `The seventh is to allow a child to commit the act of stealing`.	MESSAGE	blazeandcave:riddle/seventh_line	
C. RIDDLE	Sixth line complete...	Sixth line complete...	Системное сообщение прогресса для super challenge `Riddle Me This`. Полная загадка advancement: `The first is to smith a compass that vanishes` / `The second is to slay a corpse that fishes` / `The third is to travel on an upside-down mount` / `The fourth is to take a temple tripwire into account` / `The fifth is to be invisible yet be visible everywhere` / `The sixth is to return the product of a fowl in mid-air` / `The seventh is to allow a child to commit the act of stealing` / `The eighth is to smite a Wither with splash healing` / `The ninth is to be a pirate; parrot, spyglass, map, and boat` / `The tenth, if you can achieve it, you will be the G.O.A.T.` Эта строка показывается отдельно после выполнения пункта `The sixth is to return the product of a fowl in mid-air`.	MESSAGE	blazeandcave:riddle/sixth_line	
C. RIDDLE	Third line complete...	Third line complete...	Системное сообщение прогресса для super challenge `Riddle Me This`. Полная загадка advancement: `The first is to smith a compass that vanishes` / `The second is to slay a corpse that fishes` / `The third is to travel on an upside-down mount` / `The fourth is to take a temple tripwire into account` / `The fifth is to be invisible yet be visible everywhere` / `The sixth is to return the product of a fowl in mid-air` / `The seventh is to allow a child to commit the act of stealing` / `The eighth is to smite a Wither with splash healing` / `The ninth is to be a pirate; parrot, spyglass, map, and boat` / `The tenth, if you can achieve it, you will be the G.O.A.T.` Эта строка показывается отдельно после выполнения пункта `The third is to travel on an upside-down mount`.	MESSAGE	blazeandcave:riddle/third_line	
D. TEAM NAMES	Aqua Team	Aqua Team	Имя команды для Team Cooperative Mode и командных scoreboard/display name. Используется при создании команды (`team add ... {"translate":...}`) и при выводе названий команд в таблицах. Перевод должен быть согласован со всем набором цветных команд.	MESSAGE	blazeandcave:start_timers.mcfunction/start_timers	
D. TEAM NAMES	Black Team	Black Team	Имя команды для Team Cooperative Mode и командных scoreboard/display name. Используется при создании команды (`team add ... {"translate":...}`) и при выводе названий команд в таблицах. Перевод должен быть согласован со всем набором цветных команд.	MESSAGE	blazeandcave:start_timers.mcfunction/start_timers	
D. TEAM NAMES	Blue Team	Blue Team	Имя команды для Team Cooperative Mode и командных scoreboard/display name. Используется при создании команды (`team add ... {"translate":...}`) и при выводе названий команд в таблицах. Перевод должен быть согласован со всем набором цветных команд.	MESSAGE	blazeandcave:start_timers.mcfunction/start_timers	
D. TEAM NAMES	Dark Aqua Team	Dark Aqua Team	Имя команды для Team Cooperative Mode и командных scoreboard/display name. Используется при создании команды (`team add ... {"translate":...}`) и при выводе названий команд в таблицах. Перевод должен быть согласован со всем набором цветных команд.	MESSAGE	blazeandcave:start_timers.mcfunction/start_timers	
D. TEAM NAMES	Dark Blue Team	Dark Blue Team	Имя команды для Team Cooperative Mode и командных scoreboard/display name. Используется при создании команды (`team add ... {"translate":...}`) и при выводе названий команд в таблицах. Перевод должен быть согласован со всем набором цветных команд.	MESSAGE	blazeandcave:start_timers.mcfunction/start_timers	
D. TEAM NAMES	Dark Gray Team	Dark Gray Team	Имя команды для Team Cooperative Mode и командных scoreboard/display name. Используется при создании команды (`team add ... {"translate":...}`) и при выводе названий команд в таблицах. Перевод должен быть согласован со всем набором цветных команд.	MESSAGE	blazeandcave:start_timers.mcfunction/start_timers	
D. TEAM NAMES	Dark Green Team	Dark Green Team	Имя команды для Team Cooperative Mode и командных scoreboard/display name. Используется при создании команды (`team add ... {"translate":...}`) и при выводе названий команд в таблицах. Перевод должен быть согласован со всем набором цветных команд.	MESSAGE	blazeandcave:start_timers.mcfunction/start_timers	
D. TEAM NAMES	Dark Purple Team	Dark Purple Team	Имя команды для Team Cooperative Mode и командных scoreboard/display name. Используется при создании команды (`team add ... {"translate":...}`) и при выводе названий команд в таблицах. Перевод должен быть согласован со всем набором цветных команд.	MESSAGE	blazeandcave:start_timers.mcfunction/start_timers	
D. TEAM NAMES	Dark Red Team	Dark Red Team	Имя команды для Team Cooperative Mode и командных scoreboard/display name. Используется при создании команды (`team add ... {"translate":...}`) и при выводе названий команд в таблицах. Перевод должен быть согласован со всем набором цветных команд.	MESSAGE	blazeandcave:start_timers.mcfunction/start_timers	
D. TEAM NAMES	Gold Team	Gold Team	Имя команды для Team Cooperative Mode и командных scoreboard/display name. Используется при создании команды (`team add ... {"translate":...}`) и при выводе названий команд в таблицах. Перевод должен быть согласован со всем набором цветных команд.	MESSAGE	blazeandcave:start_timers.mcfunction/start_timers	
D. TEAM NAMES	Gray Team	Gray Team	Имя команды для Team Cooperative Mode и командных scoreboard/display name. Используется при создании команды (`team add ... {"translate":...}`) и при выводе названий команд в таблицах. Перевод должен быть согласован со всем набором цветных команд.	MESSAGE	blazeandcave:start_timers.mcfunction/start_timers	
D. TEAM NAMES	Green Team	Green Team	Имя команды для Team Cooperative Mode и командных scoreboard/display name. Используется при создании команды (`team add ... {"translate":...}`) и при выводе названий команд в таблицах. Перевод должен быть согласован со всем набором цветных команд.	MESSAGE	blazeandcave:start_timers.mcfunction/start_timers	
D. TEAM NAMES	Light Purple Team	Light Purple Team	Имя команды для Team Cooperative Mode и командных scoreboard/display name. Используется при создании команды (`team add ... {"translate":...}`) и при выводе названий команд в таблицах. Перевод должен быть согласован со всем набором цветных команд.	MESSAGE	blazeandcave:start_timers.mcfunction/start_timers	
D. TEAM NAMES	Red Team	Red Team	Имя команды для Team Cooperative Mode и командных scoreboard/display name. Используется при создании команды (`team add ... {"translate":...}`) и при выводе названий команд в таблицах. Перевод должен быть согласован со всем набором цветных команд.	MESSAGE	blazeandcave:start_timers.mcfunction/start_timers	
D. TEAM NAMES	White Team	White Team	Имя команды для Team Cooperative Mode и командных scoreboard/display name. Используется при создании команды (`team add ... {"translate":...}`) и при выводе названий команд в таблицах. Перевод должен быть согласован со всем набором цветных команд.	MESSAGE	blazeandcave:start_timers.mcfunction/start_timers	
D. TEAM NAMES	Yellow Team	Yellow Team	Имя команды для Team Cooperative Mode и командных scoreboard/display name. Используется при создании команды (`team add ... {"translate":...}`) и при выводе названий команд в таблицах. Перевод должен быть согласован со всем набором цветных команд.	MESSAGE	blazeandcave:start_timers.mcfunction/start_timers	
E. TIMER	Let Me Out	Let Me Out	Показывается в меню таймеров по `/trigger bac_timers`. Полная строка на экране: `Let Me Out: <seconds>`. Связан с advancement `Let Me Out!` с описанием `Stay in the Nether for twenty ingame days`.	MESSAGE	blazeandcave:timers_trigger.mcfunction/timers_trigger	
F. TROPHY / FLAVOR TEXT	This isn't just any fence post...	This isn't just any fence post...	Показывается как lore на trophy-предмете `Fence Post` и выдается за advancement `A rather pointy fence post`. Полный контекст предмета: item name=`Fence Post`; lore line 1=`Look at this luxurious fence post`; lore line 2=`With its courageously mundane colour`; lore line 3=`And violent corners`; lore line 4=`This isn't just any fence post...`; lore line 5=`It's my fence post! Seriously, get out!`; lore line 6=`Awarded for achieving`; lore line 7=`A rather pointy fence post`. Hover description advancement: `Enchant a wooden sword with Sharpness V. Not really the best weapon, but it could be a minor annoyance to someone`.	MESSAGE	blazeandcave:trophy/a_rather_pointy_fence_post	
F. TROPHY / FLAVOR TEXT	Looks like a slimy slug sucked all the power out of it...	Looks like a slimy slug sucked all the power out of it...	Показывается как lore на trophy-предмете `Energy Crystal` и выдается за advancement `Amethyst Miner`. Полный контекст предмета: item name=`Energy Crystal`; lore line 1=`Looks like a slimy slug sucked all the power out of it...`; lore line 2=`Awarded for achieving`; lore line 3=`Amethyst Miner`. Hover description advancement: `Mine a stack of Amethyst Blocks, Amethyst Clusters, and every size of Amethyst Bud`.	MESSAGE	blazeandcave:trophy/amethyst_miner	
F. TROPHY / FLAVOR TEXT	"""No, let's detonate instead!"" says his brother, Cherry #2"	"No, let's detonate instead!" says his brother, Cherry #2	Показывается как lore на trophy-предмете `Ch-ch-ch-ch-ch-ch-Cherry bomb!` и выдается за advancement `Cherry Bomb`. Полный контекст предмета: item name=`Ch-ch-ch-ch-ch-ch-Cherry bomb!`; lore line 1=`"I wanna explode," says Cherry #1`; lore line 2=`"No, let's detonate instead!" says his brother, Cherry #2`; lore line 3=`After intense consultation they agree to EXPLODONATE`; lore line 4=`Awarded for achieving`; lore line 5=`Cherry Bomb`. Hover description advancement: `Craft every item made out of cherry wood`.	MESSAGE	blazeandcave:trophy/cherry_bomb	
F. TROPHY / FLAVOR TEXT	Just imagine how much cobblestone it contains...	Just imagine how much cobblestone it contains...	Показывается как lore на trophy-предмете `Octuple Compressed Cobblestone` и выдается за advancement `Chestful of Cobblestone`. Полный контекст предмета: item name=`Octuple Compressed Cobblestone`; lore line 1=`Just imagine how much cobblestone it contains...`; lore line 2=`Awarded for achieving`; lore line 3=`Chestful of Cobblestone`. Hover description advancement: `Mine 1728 cobblestone, place it in a chest, then stand on it in victory`.	MESSAGE	blazeandcave:trophy/chestful_of_cobblestone	
F. TROPHY / FLAVOR TEXT	In the jungle, the mighty jungle,\n\nThe lion sleeps tonight\n\nIn the jungle, the quiet jungle,\n\nThe lion sleeps tonight	In the jungle, the mighty jungle,\n\nThe lion sleeps tonight\n\nIn the jungle, the quiet jungle,\n\nThe lion sleeps tonight	Показывается как содержимое страницы `written_book` внутри trophy-предмета `The Jungle Book` и связано с advancement `Edge of the Jungle`. Полный контекст предмета: item name=`The Jungle Book`; lore line 1=`In the jungle, the mighty jungle...`; lore line 2=`Awarded for achieving`; lore line 3=`Edge of the Jungle`; written book page 1=`In the jungle, the mighty jungle,\n\nThe lion sleeps tonight\n\nIn the jungle, the quiet jungle,\n\nThe lion sleeps tonight`. Hover description advancement: `Enter a Modified Jungle Edge - the rarest biome in Minecraft`.	MESSAGE	blazeandcave:trophy/edge_of_the_jungle	
F. TROPHY / FLAVOR TEXT	Newton's third law - the only way humans have ever	Newton's third law - the only way humans have ever	Показывается как lore на trophy-предмете `Singularity` и выдается за advancement `Event Horizon`. Полный контекст предмета: item name=`Singularity`; lore line 1=`Newton's third law - the only way humans have ever`; lore line 2=`figured out of getting somewhere is to leave something behind`; lore line 3=`Awarded for achieving`; lore line 4=`Event Horizon`. Hover description advancement: `Survive void damage`. Это не самостоятельная законченная фраза; перевод подбирать по всей строке lore целиком.	MESSAGE	blazeandcave:trophy/event_horizon	
F. TROPHY / FLAVOR TEXT	and they don't stop coming...	and they don't stop coming...	Показывается как повторяющийся lore-фрагмент на trophy-предмете `Matryoshka Doll` и выдается за advancement `Fractal`. Полный контекст предмета: item name=`Matryoshka Doll`; lore line 1=`And they don't stop coming,`; lore line 2=`and they don't stop coming,`; lore line 3=`and they don't stop coming,`; lore line 4=`and they don't stop coming,`; lore line 5=`and they don't stop coming,`; lore line 6=`and they don't stop coming...`; lore line 7=`Awarded for achieving`; lore line 8=`Fractal`. Это не самостоятельная законченная фраза; перевод подбирать по всей строке lore целиком.	MESSAGE	blazeandcave:trophy/fractal	
F. TROPHY / FLAVOR TEXT	yet so elusive...	yet so elusive...	Показывается как lore на trophy-предмете `God Particle` и выдается за advancement `Giga XP Grinder`. Полный контекст предмета: item name=`God Particle`; lore line 1=`This boson is so central to the state of physics today,`; lore line 2=`so crucial to our final understanding of the structure of matter,`; lore line 3=`yet so elusive...`; lore line 4=`Awarded for achieving`; lore line 5=`Giga XP Grinder`. Hover description advancement: `Reach 1000 experience levels`. Это не самостоятельная законченная фраза; перевод подбирать по всей строке lore целиком.	MESSAGE	blazeandcave:trophy/giga_xp_grinder	
F. TROPHY / FLAVOR TEXT	It's a sword, axe and...	It's a sword, axe and...	Показывается как lore на trophy-предмете `Multiweapon` и выдается за advancement `Multiclassed`. Полный контекст предмета: item name=`Multiweapon`; lore line 1=`It's a sword, axe and...`; lore line 2=`Never mind, it broke`; lore line 3=`Awarded for achieving`; lore line 4=`Multiclassed`. Hover description advancement: `Hit a mob with every type of weapon`. Это не самостоятельная законченная фраза; перевод подбирать по всей строке lore целиком.	MESSAGE	blazeandcave:trophy/multiclassed	
F. TROPHY / FLAVOR TEXT	This sign can't stop me because I can't see!	This sign can't stop me because I can't see!	Показывается как lore на trophy-предмете `The Warden's Sign` и выдается за advancement `Not Afraid of Heights`. Полный контекст предмета: item name=`The Warden's Sign`; lore line 1=`This sign can't stop me because I can't see!`; lore line 2=`Awarded for achieving`; lore line 3=`Not Afraid of Heights`. Hover description advancement: `Bring a Warden to world height. It can't be afraid of heights if it can't see`.	MESSAGE	blazeandcave:trophy/not_afraid_of_heights	
F. TROPHY / FLAVOR TEXT	gets kinda boring after awhile...)	gets kinda boring after awhile...)	Показывается как lore на trophy-предмете `One-Punch Man's Fist` и выдается за advancement `Over-Overkill`. Полный контекст предмета: item name=`One-Punch Man's Fist`; lore line 1=`ONE PUUUUUNNNCCHHH!!!`; lore line 2=`(though in honesty killing everything in one punch`; lore line 3=`gets kinda boring after awhile...)`; lore line 4=`Awarded for achieving`; lore line 5=`Over-Overkill`. Hover description advancement: `Deal sixteen hearts of damage in a single melee blow without using a Mace`. Это не самостоятельная законченная фраза; перевод подбирать по всей строке lore целиком.	MESSAGE	blazeandcave:trophy/over_overkill	
F. TROPHY / FLAVOR TEXT	This is getting out of hand...	This is getting out of hand...	Показывается как lore на trophy-предмете `Viceroy Nute Gunray` и выдается за advancement `Overwarden`. Полный контекст предмета: item name=`Viceroy Nute Gunray`; lore line 1=`This is getting out of hand...`; lore line 2=`now there are 50 of them!`; lore line 3=`Awarded for achieving`; lore line 4=`Overwarden`. Hover description advancement: `Have fifty Wardens present within 100 blocks of you`. Это не самостоятельная законченная фраза; перевод подбирать по всей строке lore целиком.	MESSAGE	blazeandcave:trophy/overwarden	
F. TROPHY / FLAVOR TEXT	Awarded to distinguished individuals who complete Etho's challenge	Awarded to distinguished individuals who complete Etho's challenge	Показывается как lore на trophy-предмете `Etho's Anvil` и выдается за advancement `Pupil Poppers`. Полный контекст предмета: item name=`Etho's Anvil`; lore line 1=`Awarded to distinguished individuals who complete Etho's challenge`; lore line 2=`Awarded for achieving`; lore line 3=`Pupil Poppers`. Hover description advancement: `Eat 1000 Spider Eyes`.	MESSAGE	blazeandcave:trophy/pupil_poppers	
F. TROPHY / FLAVOR TEXT	The Moon Lord fears no weapon, but this one... it scares him	The Moon Lord fears no weapon, but this one... it scares him	Показывается как lore на trophy-предмете `Copper Shortsword` и выдается за advancement `Sly Copper: The Copper Heist`. Полный контекст предмета: item name=`Copper Shortsword`; lore line 1=`The Moon Lord fears no weapon, but this one... it scares him`; lore line 2=`Awarded for achieving`; lore line 3=`Sly Copper: The Copper Heist`. Hover description advancement: `Collect a stack of every oxidizing stage of Copper Block, Cut Copper, Cut Copper Slabs and Stairs, and the waxed variants of them all`.	MESSAGE	blazeandcave:trophy/sly_copper_the_copper_heist	
F. TROPHY / FLAVOR TEXT	It's Wednesday, my dudes!	It's Wednesday, my dudes!	Показывается как lore на trophy-предмете `FrogChamp` и выдается за advancement `When the Squad Hops into Town`. Полный контекст предмета: item name=`FrogChamp`; lore line 1=`It's Wednesday, my dudes!`; lore line 2=`Awarded for achieving`; lore line 3=`When the Squad Hops into Town`. Hover description advancement: `Attach a lead to each variant of Frog`.	MESSAGE	blazeandcave:trophy/when_the_squad_hops_into_town	
