key	english	type	advancement_id	context	ru_manual
's Advancements Pack!	's Advancements Pack!	MESSAGE		Видимое BACAP сообщение из bacap.zip:data/blazeandcave/function/msg_intro.mcfunction; используется в 2 местах	's Advancements Pack!
and	and	MESSAGE		Видимое BACAP сообщение из bacap.zip:data/blazeandcave/function/config.mcfunction; используется в 3 местах	and
Everyone's currently-obtained advancements will be shared between all players on their team immediately when turning this setting on.	Everyone's currently-obtained advancements will be shared between all players on their team immediately when turning this setting on.	MESSAGE	blazeandcave:config/coop_ru_sure_team	Видимое BACAP сообщение из bacap.zip:data/blazeandcave/function/config/coop_ru_sure_team.mcfunction	При включении этой настройки все уже полученные достижения игроков будут сразу распространены на всех участников их команды.
Team Cooperative Mode makes it so that whenever a player gets an advancement, that advancement will be shared across all players on a team.	Team Cooperative Mode makes it so that whenever a player gets an advancement, that advancement will be shared across all players on a team.	MESSAGE	blazeandcave:config/coop_ru_sure_team	Видимое BACAP сообщение из bacap.zip:data/blazeandcave/function/config/coop_ru_sure_team.mcfunction	В командном совместном режиме достижение, полученное одним игроком, будет засчитано всем игрокам его команды.
Aqua Team	Aqua Team	MESSAGE	blazeandcave:start_timers.mcfunction/start_timers	Видимое BACAP сообщение из bacap.zip:data/blazeandcave/function/start_timers.mcfunction	Бирюзовая команда
Black Team	Black Team	MESSAGE	blazeandcave:start_timers.mcfunction/start_timers	Видимое BACAP сообщение из bacap.zip:data/blazeandcave/function/start_timers.mcfunction	Чёрная команда
Blue Team	Blue Team	MESSAGE	blazeandcave:start_timers.mcfunction/start_timers	Видимое BACAP сообщение из bacap.zip:data/blazeandcave/function/start_timers.mcfunction	Синяя команда
Dark Aqua Team	Dark Aqua Team	MESSAGE	blazeandcave:start_timers.mcfunction/start_timers	Видимое BACAP сообщение из bacap.zip:data/blazeandcave/function/start_timers.mcfunction	Тёмно-бирюзовая команда
Dark Blue Team	Dark Blue Team	MESSAGE	blazeandcave:start_timers.mcfunction/start_timers	Видимое BACAP сообщение из bacap.zip:data/blazeandcave/function/start_timers.mcfunction	Тёмно-синяя команда
Dark Gray Team	Dark Gray Team	MESSAGE	blazeandcave:start_timers.mcfunction/start_timers	Видимое BACAP сообщение из bacap.zip:data/blazeandcave/function/start_timers.mcfunction	Тёмно-серая команда
Dark Green Team	Dark Green Team	MESSAGE	blazeandcave:start_timers.mcfunction/start_timers	Видимое BACAP сообщение из bacap.zip:data/blazeandcave/function/start_timers.mcfunction	Тёмно-зелёная команда
Dark Purple Team	Dark Purple Team	MESSAGE	blazeandcave:start_timers.mcfunction/start_timers	Видимое BACAP сообщение из bacap.zip:data/blazeandcave/function/start_timers.mcfunction	Тёмно-фиолетовая команда
Dark Red Team	Dark Red Team	MESSAGE	blazeandcave:start_timers.mcfunction/start_timers	Видимое BACAP сообщение из bacap.zip:data/blazeandcave/function/start_timers.mcfunction	Тёмно-красная команда
Gold Team	Gold Team	MESSAGE	blazeandcave:start_timers.mcfunction/start_timers	Видимое BACAP сообщение из bacap.zip:data/blazeandcave/function/start_timers.mcfunction	Золотая команда
Gray Team	Gray Team	MESSAGE	blazeandcave:start_timers.mcfunction/start_timers	Видимое BACAP сообщение из bacap.zip:data/blazeandcave/function/start_timers.mcfunction	Серая команда
Green Team	Green Team	MESSAGE	blazeandcave:start_timers.mcfunction/start_timers	Видимое BACAP сообщение из bacap.zip:data/blazeandcave/function/start_timers.mcfunction	Зелёная команда
Light Purple Team	Light Purple Team	MESSAGE	blazeandcave:start_timers.mcfunction/start_timers	Видимое BACAP сообщение из bacap.zip:data/blazeandcave/function/start_timers.mcfunction	Светло-фиолетовая команда
Red Team	Red Team	MESSAGE	blazeandcave:start_timers.mcfunction/start_timers	Видимое BACAP сообщение из bacap.zip:data/blazeandcave/function/start_timers.mcfunction	Красная команда
White Team	White Team	MESSAGE	blazeandcave:start_timers.mcfunction/start_timers	Видимое BACAP сообщение из bacap.zip:data/blazeandcave/function/start_timers.mcfunction	Белая команда
Yellow Team	Yellow Team	MESSAGE	blazeandcave:start_timers.mcfunction/start_timers	Видимое BACAP сообщение из bacap.zip:data/blazeandcave/function/start_timers.mcfunction	Жёлтая команда
This isn't just any fence post...	This isn't just any fence post...	MESSAGE	blazeandcave:trophy/a_rather_pointy_fence_post	Видимое BACAP сообщение из bacap.zip:data/bacap_rewards/function/trophy/enchanting/a_rather_pointy_fence_post.mcfunction	Это не какой-то обычный столб забора...
Looks like a slimy slug sucked all the power out of it...	Looks like a slimy slug sucked all the power out of it...	MESSAGE	blazeandcave:trophy/amethyst_miner	Видимое BACAP сообщение из bacap.zip:data/bacap_rewards/function/trophy/mining/amethyst_miner.mcfunction	Похоже, какой-то склизкий слизень высосал из него всю энергию...
"No, let's detonate instead!" says his brother, Cherry #2	"No, let's detonate instead!" says his brother, Cherry #2	MESSAGE	blazeandcave:trophy/cherry_bomb	Видимое BACAP сообщение из bacap.zip:data/bacap_rewards/function/trophy/building/cherry_bomb.mcfunction	«Нет, давай лучше всё взорвём!» — говорит его братец, Вишенка №2
Just imagine how much cobblestone it contains...	Just imagine how much cobblestone it contains...	MESSAGE	blazeandcave:trophy/chestful_of_cobblestone	Видимое BACAP сообщение из bacap.zip:data/bacap_rewards/function/trophy/mining/chestful_of_cobblestone.mcfunction	Только представь, сколько в нём булыжника...
In the jungle, the mighty jungle,\n\nThe lion sleeps tonight\n\nIn the jungle, the quiet jungle,\n\nThe lion sleeps tonight	In the jungle, the mighty jungle,\n\nThe lion sleeps tonight\n\nIn the jungle, the quiet jungle,\n\nThe lion sleeps tonight	MESSAGE	blazeandcave:trophy/edge_of_the_jungle	Видимое BACAP сообщение из bacap.zip:data/bacap_rewards/function/trophy/biomes/edge_of_the_jungle.mcfunction	Где-то в глубине джунглей сегодня подозрительно тихо...
Newton's third law - the only way humans have ever	Newton's third law - the only way humans have ever	MESSAGE	blazeandcave:trophy/event_horizon	Видимое BACAP сообщение из bacap.zip:data/bacap_rewards/function/trophy/end/event_horizon.mcfunction	Третий закон Ньютона — единственный известный человечеству способ куда-то попасть:
yet so elusive...	yet so elusive...	MESSAGE	blazeandcave:trophy/giga_xp_grinder	Видимое BACAP сообщение из bacap.zip:data/bacap_rewards/function/trophy/statistics/giga_xp_grinder.mcfunction	и всё же настолько неуловим…
It's a sword, axe and...	It's a sword, axe and...	MESSAGE	blazeandcave:trophy/multiclassed	Видимое BACAP сообщение из bacap.zip:data/bacap_rewards/function/trophy/weaponry/multiclassed.mcfunction	Это меч, топор и...
This sign can't stop me because I can't see!	This sign can't stop me because I can't see!	MESSAGE	blazeandcave:trophy/not_afraid_of_heights	Видимое BACAP сообщение из bacap.zip:data/bacap_rewards/function/trophy/monsters/not_afraid_of_heights.mcfunction	Этот знак меня не остановит, ведь я его не вижу!
Awarded to distinguished individuals who complete Etho's challenge	Awarded to distinguished individuals who complete Etho's challenge	MESSAGE	blazeandcave:trophy/pupil_poppers	Видимое BACAP сообщение из bacap.zip:data/bacap_rewards/function/trophy/monsters/pupil_poppers.mcfunction	Вручается отличившимся игрокам, выполнившим испытание Этео.
