key	english	type	advancement_id	context	classification	vanilla_value	audit_note
Find a Traveller's Map	Find a Traveller's Map	DESCRIPTION	blazeandcave:adventure/a_journey_begins	Описание advancement blazeandcave:adventure/a_journey_begins	MANUAL_REQUIRED		Пользовательский текст без покрытия official/vanilla источниками.
block.minecraft.deepslate_emerald_ore	block.minecraft.deepslate_emerald_ore	DESCRIPTION	blazeandcave:challenges/stack_all_the_blocks	Описание advancement blazeandcave:challenges/stack_all_the_blocks	VANILLA_RU	Глубинносланцевая изумрудная руда	Ключ переведён в actual vanilla Minecraft 26.2 ru_ru.
block.minecraft.dragon_egg	block.minecraft.dragon_egg	DESCRIPTION	blazeandcave:challenges/stack_all_the_blocks	Описание advancement blazeandcave:challenges/stack_all_the_blocks	VANILLA_RU	Яйцо дракона	Ключ переведён в actual vanilla Minecraft 26.2 ru_ru.
block.minecraft.heavy_core	block.minecraft.heavy_core	DESCRIPTION	blazeandcave:challenges/stack_all_the_blocks	Описание advancement blazeandcave:challenges/stack_all_the_blocks	VANILLA_RU	Навершие булавы	Ключ переведён в actual vanilla Minecraft 26.2 ru_ru.
block.minecraft.large_fern	block.minecraft.large_fern	DESCRIPTION	blazeandcave:challenges/stack_all_the_blocks	Описание advancement blazeandcave:challenges/stack_all_the_blocks	VANILLA_RU	Раскидистый папоротник	Ключ переведён в actual vanilla Minecraft 26.2 ru_ru.
block.minecraft.netherite_block	block.minecraft.netherite_block	DESCRIPTION	blazeandcave:challenges/stack_all_the_blocks	Описание advancement blazeandcave:challenges/stack_all_the_blocks	VANILLA_RU	Незеритовый блок	Ключ переведён в actual vanilla Minecraft 26.2 ru_ru.
block.minecraft.suspicious_gravel	block.minecraft.suspicious_gravel	DESCRIPTION	blazeandcave:challenges/stack_all_the_blocks	Описание advancement blazeandcave:challenges/stack_all_the_blocks	VANILLA_RU	Подозрительный гравий	Ключ переведён в actual vanilla Minecraft 26.2 ru_ru.
block.minecraft.suspicious_sand	block.minecraft.suspicious_sand	DESCRIPTION	blazeandcave:challenges/stack_all_the_blocks	Описание advancement blazeandcave:challenges/stack_all_the_blocks	VANILLA_RU	Подозрительный песок	Ключ переведён в actual vanilla Minecraft 26.2 ru_ru.
block.minecraft.tall_grass	block.minecraft.tall_grass	DESCRIPTION	blazeandcave:challenges/stack_all_the_blocks	Описание advancement blazeandcave:challenges/stack_all_the_blocks	VANILLA_RU	Высокая трава	Ключ переведён в actual vanilla Minecraft 26.2 ru_ru.
item.minecraft.recovery_compass	item.minecraft.recovery_compass	DESCRIPTION	blazeandcave:challenges/stack_all_the_items	Описание advancement blazeandcave:challenges/stack_all_the_items	VANILLA_RU	Возвратный компас	Ключ переведён в actual vanilla Minecraft 26.2 ru_ru.
's Advancements Pack!	's Advancements Pack!	MESSAGE		Видимое BACAP сообщение из bacap.zip:data/blazeandcave/function/msg_intro.mcfunction; используется в 2 местах	INTENTIONALLY_ENGLISH		Пользователь сознательно оставил английский runtime fallback как часть названия BACAP pack.
and	and	MESSAGE		Видимое BACAP сообщение из bacap.zip:data/blazeandcave/function/config.mcfunction; используется в 3 местах	INTENTIONALLY_ENGLISH		Пользователь сознательно оставил английский runtime fallback как часть названия BACAP pack.
Blaze	Blaze	MESSAGE		Видимое BACAP сообщение из bacap.zip:data/blazeandcave/function/config.mcfunction; используется в 3 местах	PROPER_NAME_NO_TRANSLATION		Собственное имя/бренд; перевод не требуется.
block.minecraft.acacia_log	block.minecraft.acacia_log	MESSAGE		Видимое BACAP сообщение из bacap.zip:data/bacap_rewards/function/reward/bacap/getting_wood.mcfunction; используется в 3 местах	VANILLA_RU	Акациевое бревно	Ключ переведён в actual vanilla Minecraft 26.2 ru_ru.
block.minecraft.ancient_debris	block.minecraft.ancient_debris	MESSAGE		Видимое BACAP сообщение из bacap.zip:data/bacap_rewards/function/reward/nether/diamonds_are_not_forever.mcfunction; используется в 4 местах	VANILLA_RU	Древние обломки	Ключ переведён в actual vanilla Minecraft 26.2 ru_ru.
block.minecraft.bamboo	block.minecraft.bamboo	MESSAGE		Видимое BACAP сообщение из bacap.zip:data/bacap_rewards/function/reward/biomes/zoologist.mcfunction; используется в 2 местах	VANILLA_RU	Бамбук	Ключ переведён в actual vanilla Minecraft 26.2 ru_ru.
block.minecraft.big_dripleaf	block.minecraft.big_dripleaf	MESSAGE		Видимое BACAP сообщение из bacap.zip:data/bacap_rewards/function/reward/mining/leaflet_drop.mcfunction; используется в 2 местах	VANILLA_RU	Большая бросянка	Ключ переведён в actual vanilla Minecraft 26.2 ru_ru.
block.minecraft.birch_log	block.minecraft.birch_log	MESSAGE		Видимое BACAP сообщение из bacap.zip:data/bacap_rewards/function/reward/bacap/getting_wood.mcfunction; используется в 3 местах	VANILLA_RU	Берёзовое бревно	Ключ переведён в actual vanilla Minecraft 26.2 ru_ru.
block.minecraft.blackstone	block.minecraft.blackstone	MESSAGE		Видимое BACAP сообщение из bacap.zip:data/bacap_rewards/function/reward/building/blackstonehenge.mcfunction; используется в 2 местах	VANILLA_RU	Чернит	Ключ переведён в actual vanilla Minecraft 26.2 ru_ru.
block.minecraft.brown_mushroom	block.minecraft.brown_mushroom	MESSAGE		Видимое BACAP сообщение из bacap.zip:data/bacap_rewards/function/reward/farming/im_gonna_be_sick.mcfunction; используется в 4 местах	VANILLA_RU	Коричневый гриб	Ключ переведён в actual vanilla Minecraft 26.2 ru_ru.
block.minecraft.cactus	block.minecraft.cactus	MESSAGE		Видимое BACAP сообщение из bacap.zip:data/bacap_rewards/function/reward/animal/hump_day.mcfunction; используется в 2 местах	VANILLA_RU	Кактус	Ключ переведён в actual vanilla Minecraft 26.2 ru_ru.
block.minecraft.cake	block.minecraft.cake	MESSAGE		Видимое BACAP сообщение из bacap.zip:data/bacap_rewards/function/reward/adventure/birthday_song.mcfunction; используется в 3 местах	VANILLA_RU	Торт	Ключ переведён в actual vanilla Minecraft 26.2 ru_ru.
block.minecraft.carved_pumpkin	block.minecraft.carved_pumpkin	MESSAGE		Видимое BACAP сообщение из bacap.zip:data/bacap_rewards/function/reward/farming/olaf.mcfunction; используется в 3 местах	VANILLA_RU	Вырезанная тыква	Ключ переведён в actual vanilla Minecraft 26.2 ru_ru.
block.minecraft.cherry_log	block.minecraft.cherry_log	MESSAGE		Видимое BACAP сообщение из bacap.zip:data/bacap_rewards/function/reward/bacap/getting_wood.mcfunction; используется в 3 местах	VANILLA_RU	Вишнёвое бревно	Ключ переведён в actual vanilla Minecraft 26.2 ru_ru.
block.minecraft.chorus_flower	block.minecraft.chorus_flower	MESSAGE		Видимое BACAP сообщение из bacap.zip:data/bacap_rewards/function/reward/end/extrabiologist.mcfunction; используется в 2 местах	VANILLA_RU	Цветок хоруса	Ключ переведён в actual vanilla Minecraft 26.2 ru_ru.
block.minecraft.cobblestone	block.minecraft.cobblestone	MESSAGE		Видимое BACAP сообщение из bacap.zip:data/bacap_rewards/function/reward/building/rock_collection.mcfunction; используется в 4 местах	VANILLA_RU	Булыжник	Ключ переведён в actual vanilla Minecraft 26.2 ru_ru.
block.minecraft.crafter	block.minecraft.crafter	MESSAGE		Видимое BACAP сообщение из bacap.zip:data/bacap_rewards/function/reward/redstone/craftception.mcfunction; используется в 2 местах	VANILLA_RU	Сборщик	Ключ переведён в actual vanilla Minecraft 26.2 ru_ru.
block.minecraft.crimson_fungus	block.minecraft.crimson_fungus	MESSAGE		Видимое BACAP сообщение из bacap.zip:data/bacap_rewards/function/reward/nether/hell_botanist.mcfunction; используется в 2 местах	VANILLA_RU	Багровый гриб	Ключ переведён в actual vanilla Minecraft 26.2 ru_ru.
block.minecraft.crimson_stem	block.minecraft.crimson_stem	MESSAGE		Видимое BACAP сообщение из bacap.zip:data/bacap_rewards/function/reward/building/a_good_start.mcfunction; используется в 3 местах	VANILLA_RU	Багровая ножка	Ключ переведён в actual vanilla Minecraft 26.2 ru_ru.
block.minecraft.crying_obsidian	block.minecraft.crying_obsidian	MESSAGE		Видимое BACAP сообщение из bacap.zip:data/bacap_rewards/function/reward/end/unending_hell.mcfunction; используется в 2 местах	VANILLA_RU	Плачущий обсидиан	Ключ переведён в actual vanilla Minecraft 26.2 ru_ru.
block.minecraft.dark_oak_log	block.minecraft.dark_oak_log	MESSAGE		Видимое BACAP сообщение из bacap.zip:data/bacap_rewards/function/reward/bacap/getting_wood.mcfunction; используется в 3 местах	VANILLA_RU	Бревно тёмного дуба	Ключ переведён в actual vanilla Minecraft 26.2 ru_ru.
block.minecraft.deepslate	block.minecraft.deepslate	MESSAGE		Видимое BACAP сообщение из bacap.zip:data/bacap_rewards/function/reward/building/deepslate_conspiracy.mcfunction; используется в 2 местах	VANILLA_RU	Глубинный сланец	Ключ переведён в actual vanilla Minecraft 26.2 ru_ru.
block.minecraft.diamond_block	block.minecraft.diamond_block	MESSAGE		Видимое BACAP сообщение из bacap.zip:data/bacap_rewards/function/reward/adventure/stacked_smither.mcfunction; используется в 2 местах	VANILLA_RU	Алмазный блок	Ключ переведён в actual vanilla Minecraft 26.2 ru_ru.
block.minecraft.dragon_head	block.minecraft.dragon_head	MESSAGE		Видимое BACAP сообщение из bacap.zip:data/bacap_rewards/function/reward/end/good_luck_getting_this_one.mcfunction; используется в 3 местах	VANILLA_RU	Голова дракона	Ключ переведён в actual vanilla Minecraft 26.2 ru_ru.
block.minecraft.dried_kelp_block	block.minecraft.dried_kelp_block	MESSAGE		Видимое BACAP сообщение из bacap.zip:data/bacap_rewards/function/reward/farming/aquatic_biofuel.mcfunction; используется в 3 местах	VANILLA_RU	Блок сушёной ламинарии	Ключ переведён в actual vanilla Minecraft 26.2 ru_ru.
block.minecraft.gilded_blackstone	block.minecraft.gilded_blackstone	MESSAGE		Видимое BACAP сообщение из bacap.zip:data/bacap_rewards/function/reward/nether/gilded_miner.mcfunction; используется в 2 местах	VANILLA_RU	Золочёный чернит	Ключ переведён в actual vanilla Minecraft 26.2 ru_ru.
block.minecraft.glass	block.minecraft.glass	MESSAGE		Видимое BACAP сообщение из bacap.zip:data/bacap_rewards/function/reward/building/classy_glassy.mcfunction; используется в 4 местах	VANILLA_RU	Стекло	Ключ переведён в actual vanilla Minecraft 26.2 ru_ru.
block.minecraft.glowstone	block.minecraft.glowstone	MESSAGE		Видимое BACAP сообщение из bacap.zip:data/bacap_rewards/function/reward/building/glowing.mcfunction; используется в 3 местах	VANILLA_RU	Светокамень	Ключ переведён в actual vanilla Minecraft 26.2 ru_ru.
block.minecraft.hay_block	block.minecraft.hay_block	MESSAGE		Видимое BACAP сообщение из bacap.zip:data/bacap_rewards/function/reward/animal/heavy_duty_caravan.mcfunction; используется в 5 местах	VANILLA_RU	Сноп сена	Ключ переведён в actual vanilla Minecraft 26.2 ru_ru.
block.minecraft.honey_block	block.minecraft.honey_block	MESSAGE		Видимое BACAP сообщение из bacap.zip:data/bacap_rewards/function/reward/animal/sticky_situation.mcfunction; используется в 2 местах	VANILLA_RU	Блок мёда	Ключ переведён в actual vanilla Minecraft 26.2 ru_ru.
block.minecraft.ice	block.minecraft.ice	MESSAGE		Видимое BACAP сообщение из bacap.zip:data/bacap_rewards/function/reward/biomes/everybody_loves_ice.mcfunction; используется в 2 местах	VANILLA_RU	Лёд	Ключ переведён в actual vanilla Minecraft 26.2 ru_ru.
block.minecraft.iron_block	block.minecraft.iron_block	MESSAGE		Видимое BACAP сообщение из bacap.zip:data/bacap_rewards/function/reward/adventure/body_guard.mcfunction; используется в 5 местах	VANILLA_RU	Железный блок	Ключ переведён в actual vanilla Minecraft 26.2 ru_ru.
block.minecraft.jack_o_lantern	block.minecraft.jack_o_lantern	MESSAGE		Видимое BACAP сообщение из bacap.zip:data/bacap_rewards/function/reward/building/halloween.mcfunction; используется в 2 местах	VANILLA_RU	Светильник Джека	Ключ переведён в actual vanilla Minecraft 26.2 ru_ru.
block.minecraft.jungle_log	block.minecraft.jungle_log	MESSAGE		Видимое BACAP сообщение из bacap.zip:data/bacap_rewards/function/reward/bacap/getting_wood.mcfunction; используется в 3 местах	VANILLA_RU	Бревно джунглевого дерева	Ключ переведён в actual vanilla Minecraft 26.2 ru_ru.
block.minecraft.lapis_block	block.minecraft.lapis_block	MESSAGE		Видимое BACAP сообщение из bacap.zip:data/bacap_rewards/function/reward/mining/lapis_lazuli_miner.mcfunction; используется в 3 местах	VANILLA_RU	Лазуритовый блок	Ключ переведён в actual vanilla Minecraft 26.2 ru_ru.
block.minecraft.mangrove_log	block.minecraft.mangrove_log	MESSAGE		Видимое BACAP сообщение из bacap.zip:data/bacap_rewards/function/reward/bacap/getting_wood.mcfunction; используется в 3 местах	VANILLA_RU	Мангровое бревно	Ключ переведён в actual vanilla Minecraft 26.2 ru_ru.
block.minecraft.mangrove_propagule	block.minecraft.mangrove_propagule	MESSAGE		Видимое BACAP сообщение из bacap.zip:data/bacap_rewards/function/reward/farming/a_mangrove_grove.mcfunction; используется в 2 местах	VANILLA_RU	Мангровый отросток	Ключ переведён в actual vanilla Minecraft 26.2 ru_ru.
block.minecraft.note_block	block.minecraft.note_block	MESSAGE		Видимое BACAP сообщение из bacap.zip:data/bacap_rewards/function/reward/redstone/monstrous_music.mcfunction; используется в 3 местах	VANILLA_RU	Нотный блок	Ключ переведён в actual vanilla Minecraft 26.2 ru_ru.
block.minecraft.oak_log	block.minecraft.oak_log	MESSAGE		Видимое BACAP сообщение из bacap.zip:data/bacap_rewards/function/reward/bacap/getting_wood.mcfunction; используется в 3 местах	VANILLA_RU	Дубовое бревно	Ключ переведён в actual vanilla Minecraft 26.2 ru_ru.
block.minecraft.oak_sapling	block.minecraft.oak_sapling	MESSAGE		Видимое BACAP сообщение из bacap.zip:data/bacap_rewards/function/reward/building/skyblock.mcfunction; используется в 2 местах	VANILLA_RU	Саженец дуба	Ключ переведён в actual vanilla Minecraft 26.2 ru_ru.
block.minecraft.obsidian	block.minecraft.obsidian	MESSAGE		Видимое BACAP сообщение из bacap.zip:data/bacap_rewards/function/reward/mining/ice_bucket_challenge.mcfunction; используется в 3 местах	VANILLA_RU	Обсидиан	Ключ переведён в actual vanilla Minecraft 26.2 ru_ru.
block.minecraft.pale_oak_log	block.minecraft.pale_oak_log	MESSAGE		Видимое BACAP сообщение из bacap.zip:data/bacap_rewards/function/reward/bacap/getting_wood.mcfunction; используется в 3 местах	VANILLA_RU	Бревно бледного дуба	Ключ переведён в actual vanilla Minecraft 26.2 ru_ru.
block.minecraft.pointed_dripstone	block.minecraft.pointed_dripstone	MESSAGE		Видимое BACAP сообщение из bacap.zip:data/bacap_rewards/function/reward/mining/dripstone_drop.mcfunction; используется в 2 местах	VANILLA_RU	Капельник	Ключ переведён в actual vanilla Minecraft 26.2 ru_ru.
block.minecraft.powered_rail	block.minecraft.powered_rail	MESSAGE		Видимое BACAP сообщение из bacap.zip:data/bacap_rewards/function/reward/redstone/electric_rails.mcfunction; используется в 2 местах	VANILLA_RU	Энергорельсы	Ключ переведён в actual vanilla Minecraft 26.2 ru_ru.
block.minecraft.quartz_block	block.minecraft.quartz_block	MESSAGE		Видимое BACAP сообщение из bacap.zip:data/bacap_rewards/function/reward/building/greek_art_decor.mcfunction; используется в 2 местах	VANILLA_RU	Кварцевый блок	Ключ переведён в actual vanilla Minecraft 26.2 ru_ru.
block.minecraft.rail	block.minecraft.rail	MESSAGE		Видимое BACAP сообщение из bacap.zip:data/bacap_rewards/function/reward/redstone/all_aboard.mcfunction; используется в 3 местах	VANILLA_RU	Рельсы	Ключ переведён в actual vanilla Minecraft 26.2 ru_ru.
block.minecraft.red_mushroom	block.minecraft.red_mushroom	MESSAGE		Видимое BACAP сообщение из bacap.zip:data/bacap_rewards/function/reward/farming/im_gonna_be_sick.mcfunction; используется в 4 местах	VANILLA_RU	Красный гриб	Ключ переведён в actual vanilla Minecraft 26.2 ru_ru.
block.minecraft.red_sand	block.minecraft.red_sand	MESSAGE		Видимое BACAP сообщение из bacap.zip:data/bacap_rewards/function/reward/building/built_on_sand_set_in_stone.mcfunction; используется в 2 местах	VANILLA_RU	Красный песок	Ключ переведён в actual vanilla Minecraft 26.2 ru_ru.
block.minecraft.redstone_block	block.minecraft.redstone_block	MESSAGE		Видимое BACAP сообщение из bacap.zip:data/bacap_rewards/function/reward/mining/redstone_miner.mcfunction; используется в 2 местах	VANILLA_RU	Редстоуновый блок	Ключ переведён в actual vanilla Minecraft 26.2 ru_ru.
block.minecraft.sand	block.minecraft.sand	MESSAGE		Видимое BACAP сообщение из bacap.zip:data/bacap_rewards/function/reward/building/built_on_sand_set_in_stone.mcfunction; используется в 4 местах	VANILLA_RU	Песок	Ключ переведён в actual vanilla Minecraft 26.2 ru_ru.
block.minecraft.sculk_catalyst	block.minecraft.sculk_catalyst	MESSAGE		Видимое BACAP сообщение из bacap.zip:data/bacap_rewards/function/reward/monsters/not_afraid_of_heights.mcfunction; используется в 3 местах	VANILLA_RU	Скалковый катализатор	Ключ переведён в actual vanilla Minecraft 26.2 ru_ru.
block.minecraft.sea_pickle	block.minecraft.sea_pickle	MESSAGE		Видимое BACAP сообщение из bacap.zip:data/bacap_rewards/function/reward/biomes/in_a_pickle.mcfunction; используется в 2 местах	VANILLA_RU	Морской огурец	Ключ переведён в actual vanilla Minecraft 26.2 ru_ru.
block.minecraft.slime_block	block.minecraft.slime_block	MESSAGE		Видимое BACAP сообщение из bacap.zip:data/bacap_rewards/function/reward/monsters/oh_no_guys_im_oozing.mcfunction; используется в 2 местах	VANILLA_RU	Блок слизи	Ключ переведён в actual vanilla Minecraft 26.2 ru_ru.
block.minecraft.spruce_log	block.minecraft.spruce_log	MESSAGE		Видимое BACAP сообщение из bacap.zip:data/bacap_rewards/function/reward/bacap/getting_wood.mcfunction; используется в 3 местах	VANILLA_RU	Еловое бревно	Ключ переведён в actual vanilla Minecraft 26.2 ru_ru.
block.minecraft.spruce_sapling	block.minecraft.spruce_sapling	MESSAGE		Видимое BACAP сообщение из bacap.zip:data/bacap_rewards/function/reward/adventure/evelyn_evergreen.mcfunction; используется в 2 местах	VANILLA_RU	Саженец ели	Ключ переведён в actual vanilla Minecraft 26.2 ru_ru.
block.minecraft.terracotta	block.minecraft.terracotta	MESSAGE		Видимое BACAP сообщение из bacap.zip:data/bacap_rewards/function/reward/building/the_glazed_terracotta_army.mcfunction; используется в 2 местах	VANILLA_RU	Терракота	Ключ переведён в actual vanilla Minecraft 26.2 ru_ru.
block.minecraft.tnt	block.minecraft.tnt	MESSAGE		Видимое BACAP сообщение из bacap.zip:data/bacap_rewards/function/reward/redstone/we_have_liftoff.mcfunction; используется в 3 местах	VANILLA_RU	Динамит	Ключ переведён в actual vanilla Minecraft 26.2 ru_ru.
block.minecraft.torch	block.minecraft.torch	MESSAGE		Видимое BACAP сообщение из bacap.zip:data/bacap_rewards/function/reward/building/torched.mcfunction; используется в 2 местах	VANILLA_RU	Факел	Ключ переведён в actual vanilla Minecraft 26.2 ru_ru.
block.minecraft.warped_fungus	block.minecraft.warped_fungus	MESSAGE		Видимое BACAP сообщение из bacap.zip:data/bacap_rewards/function/reward/nether/bobbleheads.mcfunction; используется в 9 местах	VANILLA_RU	Искажённый гриб	Ключ переведён в actual vanilla Minecraft 26.2 ru_ru.
block.minecraft.warped_stem	block.minecraft.warped_stem	MESSAGE		Видимое BACAP сообщение из bacap.zip:data/bacap_rewards/function/reward/building/a_good_start.mcfunction; используется в 3 местах	VANILLA_RU	Искажённая ножка	Ключ переведён в actual vanilla Minecraft 26.2 ru_ru.
block.minecraft.white_wool	block.minecraft.white_wool	MESSAGE		Видимое BACAP сообщение из bacap.zip:data/bacap_rewards/function/reward/animal/fuzzy_feet.mcfunction; используется в 7 местах	VANILLA_RU	Белая шерсть	Ключ переведён в actual vanilla Minecraft 26.2 ru_ru.
block.minecraft.wither_skeleton_skull	block.minecraft.wither_skeleton_skull	MESSAGE		Видимое BACAP сообщение из bacap.zip:data/bacap_rewards/function/reward/end/the_beginning.mcfunction; используется в 3 местах	VANILLA_RU	Череп визер-скелета	Ключ переведён в actual vanilla Minecraft 26.2 ru_ru.
Cave	Cave	MESSAGE		Видимое BACAP сообщение из bacap.zip:data/blazeandcave/function/config.mcfunction; используется в 3 местах	PROPER_NAME_NO_TRANSLATION		Собственное имя/бренд; перевод не требуется.
Discord	Discord	MESSAGE		Видимое BACAP сообщение из bacap.zip:data/blazeandcave/function/config/help_links.mcfunction; используется в 3 местах	PROPER_NAME_NO_TRANSLATION		Собственное имя/бренд; перевод не требуется.
enchantment.level.1	enchantment.level.1	MESSAGE		Видимое BACAP сообщение из bacap.zip:data/bacap_rewards/function/reward/monsters/creeper_killer.mcfunction; используется в 4 местах	VANILLA_RU	I	Ключ переведён в actual vanilla Minecraft 26.2 ru_ru.
enchantment.level.2	enchantment.level.2	MESSAGE		Видимое BACAP сообщение из bacap.zip:data/bacap_rewards/function/reward/enchanting/ill_be_back.mcfunction; используется в 12 местах	VANILLA_RU	II	Ключ переведён в actual vanilla Minecraft 26.2 ru_ru.
enchantment.level.3	enchantment.level.3	MESSAGE		Видимое BACAP сообщение из bacap.zip:data/bacap_rewards/function/reward/animal/its_high_noon.mcfunction; используется в 13 местах	VANILLA_RU	III	Ключ переведён в actual vanilla Minecraft 26.2 ru_ru.
enchantment.level.4	enchantment.level.4	MESSAGE		Видимое BACAP сообщение из bacap.zip:data/bacap_rewards/function/reward/end/uh_houston_we_have_a_problem.mcfunction; используется в 2 местах	VANILLA_RU	IV	Ключ переведён в actual vanilla Minecraft 26.2 ru_ru.
enchantment.minecraft.efficiency	enchantment.minecraft.efficiency	MESSAGE		Видимое BACAP сообщение из bacap.zip:data/bacap_rewards/function/reward/mining/bottom_to_top.mcfunction; используется в 2 местах	VANILLA_RU	Эффективность	Ключ переведён в actual vanilla Minecraft 26.2 ru_ru.
enchantment.minecraft.feather_falling	enchantment.minecraft.feather_falling	MESSAGE		Видимое BACAP сообщение из bacap.zip:data/bacap_rewards/function/reward/end/sky_high.mcfunction; используется в 5 местах	VANILLA_RU	Невесомость	Ключ переведён в actual vanilla Minecraft 26.2 ru_ru.
enchantment.minecraft.infinity	enchantment.minecraft.infinity	MESSAGE		Видимое BACAP сообщение из bacap.zip:data/bacap_rewards/function/reward/redstone/bullseye.mcfunction; используется в 2 местах	VANILLA_RU	Бесконечность	Ключ переведён в actual vanilla Minecraft 26.2 ru_ru.
enchantment.minecraft.looting	enchantment.minecraft.looting	MESSAGE		Видимое BACAP сообщение из bacap.zip:data/bacap_rewards/function/reward/monsters/creeper_killer.mcfunction; используется в 2 местах	VANILLA_RU	Добыча	Ключ переведён в actual vanilla Minecraft 26.2 ru_ru.
enchantment.minecraft.mending	enchantment.minecraft.mending	MESSAGE		Видимое BACAP сообщение из bacap.zip:data/bacap_rewards/function/reward/animal/totally_not_an_afk_fisher.mcfunction; используется в 2 местах	VANILLA_RU	Починка	Ключ переведён в actual vanilla Minecraft 26.2 ru_ru.
enchantment.minecraft.power	enchantment.minecraft.power	MESSAGE		Видимое BACAP сообщение из bacap.zip:data/bacap_rewards/function/reward/animal/its_high_noon.mcfunction; используется в 6 местах	VANILLA_RU	Сила	Ключ переведён в actual vanilla Minecraft 26.2 ru_ru.
enchantment.minecraft.sharpness	enchantment.minecraft.sharpness	MESSAGE		Видимое BACAP сообщение из bacap.zip:data/bacap_rewards/function/reward/enchanting/this_name_sounds_cooler.mcfunction; используется в 5 местах	VANILLA_RU	Острота	Ключ переведён в actual vanilla Minecraft 26.2 ru_ru.
enchantment.minecraft.silk_touch	enchantment.minecraft.silk_touch	MESSAGE		Видимое BACAP сообщение из bacap.zip:data/bacap_rewards/function/reward/animal/mushroom_scientist.mcfunction; используется в 2 местах	VANILLA_RU	Шёлковое касание	Ключ переведён в actual vanilla Minecraft 26.2 ru_ru.
enchantment.minecraft.unbreaking	enchantment.minecraft.unbreaking	MESSAGE		Видимое BACAP сообщение из bacap.zip:data/bacap_rewards/function/reward/challenges/ad_astra.mcfunction; используется в 2 местах	VANILLA_RU	Прочность	Ключ переведён в actual vanilla Minecraft 26.2 ru_ru.
item.minecraft.amethyst_shard	item.minecraft.amethyst_shard	MESSAGE		Видимое BACAP сообщение из bacap.zip:data/bacap_rewards/function/reward/adventure/and_make_it_double.mcfunction; используется в 4 местах	VANILLA_RU	Осколок аметиста	Ключ переведён в actual vanilla Minecraft 26.2 ru_ru.
item.minecraft.apple	item.minecraft.apple	MESSAGE		Видимое BACAP сообщение из bacap.zip:data/bacap_rewards/function/reward/farming/an_apple_a_day.mcfunction; используется в 2 местах	VANILLA_RU	Яблоко	Ключ переведён в actual vanilla Minecraft 26.2 ru_ru.
item.minecraft.armadillo_scute	item.minecraft.armadillo_scute	MESSAGE		Видимое BACAP сообщение из bacap.zip:data/bacap_rewards/function/reward/animal/good_as_new.mcfunction; используется в 3 местах	VANILLA_RU	Щиток броненосца	Ключ переведён в actual vanilla Minecraft 26.2 ru_ru.
item.minecraft.arrow	item.minecraft.arrow	MESSAGE		Видимое BACAP сообщение из bacap.zip:data/bacap_rewards/function/reward/enchanting/ill_be_back.mcfunction; используется в 11 местах	VANILLA_RU	Стрела	Ключ переведён в actual vanilla Minecraft 26.2 ru_ru.
item.minecraft.beef	item.minecraft.beef	MESSAGE		Видимое BACAP сообщение из bacap.zip:data/bacap_rewards/function/reward/animal/super_mooshroom.mcfunction; используется в 2 местах	VANILLA_RU	Сырая говядина	Ключ переведён в actual vanilla Minecraft 26.2 ru_ru.
item.minecraft.blaze_rod	item.minecraft.blaze_rod	MESSAGE		Видимое BACAP сообщение из bacap.zip:data/bacap_rewards/function/reward/nether/blaze_extinguisher.mcfunction; используется в 5 местах	VANILLA_RU	Огненный стержень	Ключ переведён в actual vanilla Minecraft 26.2 ru_ru.
item.minecraft.bone	item.minecraft.bone	MESSAGE		Видимое BACAP сообщение из bacap.zip:data/bacap_rewards/function/reward/animal/leader_of_the_pack.mcfunction; используется в 8 местах	VANILLA_RU	Кость	Ключ переведён в actual vanilla Minecraft 26.2 ru_ru.
item.minecraft.bone_meal	item.minecraft.bone_meal	MESSAGE		Видимое BACAP сообщение из bacap.zip:data/bacap_rewards/function/reward/building/harry_potter.mcfunction; используется в 9 местах	VANILLA_RU	Костная мука	Ключ переведён в actual vanilla Minecraft 26.2 ru_ru.
item.minecraft.breeze_rod	item.minecraft.breeze_rod	MESSAGE		Видимое BACAP сообщение из bacap.zip:data/bacap_rewards/function/reward/adventure/blowback.mcfunction; используется в 3 местах	VANILLA_RU	Вихревой стержень	Ключ переведён в actual vanilla Minecraft 26.2 ru_ru.
item.minecraft.carrot	item.minecraft.carrot	MESSAGE		Видимое BACAP сообщение из bacap.zip:data/bacap_rewards/function/reward/animal/swine_sailing.mcfunction; используется в 4 местах	VANILLA_RU	Морковь	Ключ переведён в actual vanilla Minecraft 26.2 ru_ru.
item.minecraft.chicken	item.minecraft.chicken	MESSAGE		Видимое BACAP сообщение из bacap.zip:data/bacap_rewards/function/reward/animal/chicken_cooper.mcfunction; используется в 3 местах	VANILLA_RU	Сырая курица	Ключ переведён в actual vanilla Minecraft 26.2 ru_ru.
item.minecraft.coal	item.minecraft.coal	MESSAGE		Видимое BACAP сообщение из bacap.zip:data/bacap_rewards/function/reward/mining/coal_miner.mcfunction; используется в 3 местах	VANILLA_RU	Уголь	Ключ переведён в actual vanilla Minecraft 26.2 ru_ru.
item.minecraft.cocoa_beans	item.minecraft.cocoa_beans	MESSAGE		Видимое BACAP сообщение из bacap.zip:data/bacap_rewards/function/reward/farming/hot_chocolate.mcfunction; используется в 2 местах	VANILLA_RU	Какао-бобы	Ключ переведён в actual vanilla Minecraft 26.2 ru_ru.
item.minecraft.cod	item.minecraft.cod	MESSAGE		Видимое BACAP сообщение из bacap.zip:data/bacap_rewards/function/reward/adventure/crazy_cat_lady.mcfunction; используется в 5 местах	VANILLA_RU	Сырая треска	Ключ переведён в actual vanilla Minecraft 26.2 ru_ru.
item.minecraft.cooked_beef	item.minecraft.cooked_beef	MESSAGE		Видимое BACAP сообщение из bacap.zip:data/bacap_rewards/function/reward/animal/high_steaks.mcfunction; используется в 2 местах	VANILLA_RU	Стейк	Ключ переведён в actual vanilla Minecraft 26.2 ru_ru.
item.minecraft.cooked_chicken	item.minecraft.cooked_chicken	MESSAGE		Видимое BACAP сообщение из bacap.zip:data/bacap_rewards/function/reward/animal/so_good.mcfunction; используется в 2 местах	VANILLA_RU	Жареная курица	Ключ переведён в actual vanilla Minecraft 26.2 ru_ru.
item.minecraft.cooked_rabbit	item.minecraft.cooked_rabbit	MESSAGE		Видимое BACAP сообщение из bacap.zip:data/bacap_rewards/function/reward/animal/going_down_the_rabbit_hole.mcfunction; используется в 3 местах	VANILLA_RU	Жареная крольчатина	Ключ переведён в actual vanilla Minecraft 26.2 ru_ru.
item.minecraft.cooked_salmon	item.minecraft.cooked_salmon	MESSAGE		Видимое BACAP сообщение из bacap.zip:data/bacap_rewards/function/reward/animal/delicious_fish.mcfunction; используется в 2 местах	VANILLA_RU	Жареный лосось	Ключ переведён в actual vanilla Minecraft 26.2 ru_ru.
item.minecraft.copper_ingot	item.minecraft.copper_ingot	MESSAGE		Видимое BACAP сообщение из bacap.zip:data/bacap_rewards/function/reward/mining/budget_channeling.mcfunction; используется в 3 местах	VANILLA_RU	Медный слиток	Ключ переведён в actual vanilla Minecraft 26.2 ru_ru.
item.minecraft.diamond	item.minecraft.diamond	MESSAGE		Видимое BACAP сообщение из bacap.zip:data/bacap_rewards/function/reward/adventure/beethoven.mcfunction; используется в 24 местах	VANILLA_RU	Алмаз	Ключ переведён в actual vanilla Minecraft 26.2 ru_ru.
item.minecraft.dragon_breath	item.minecraft.dragon_breath	MESSAGE		Видимое BACAP сообщение из bacap.zip:data/bacap_rewards/function/reward/potion/furious_ammunition.mcfunction; используется в 5 местах	VANILLA_RU	Дыхание дракона	Ключ переведён в actual vanilla Minecraft 26.2 ru_ru.
item.minecraft.echo_shard	item.minecraft.echo_shard	MESSAGE		Видимое BACAP сообщение из bacap.zip:data/bacap_rewards/function/reward/adventure/diagon_allay.mcfunction; используется в 7 местах	VANILLA_RU	Осколок эха	Ключ переведён в actual vanilla Minecraft 26.2 ru_ru.
item.minecraft.egg	item.minecraft.egg	MESSAGE		Видимое BACAP сообщение из bacap.zip:data/bacap_rewards/function/reward/animal/feeding_the_chickens.mcfunction; используется в 3 местах	VANILLA_RU	Яйцо	Ключ переведён в actual vanilla Minecraft 26.2 ru_ru.
item.minecraft.elytra	item.minecraft.elytra	MESSAGE		Видимое BACAP сообщение из bacap.zip:data/bacap_rewards/function/reward/challenges/ad_astra.mcfunction; используется в 3 местах	VANILLA_RU	Элитры	Ключ переведён в actual vanilla Minecraft 26.2 ru_ru.
item.minecraft.emerald	item.minecraft.emerald	MESSAGE		Видимое BACAP сообщение из bacap.zip:data/bacap_rewards/function/reward/adventure/businessman.mcfunction; используется в 43 местах	VANILLA_RU	Изумруд	Ключ переведён в actual vanilla Minecraft 26.2 ru_ru.
item.minecraft.enchanted_book	item.minecraft.enchanted_book	MESSAGE		Видимое BACAP сообщение из bacap.zip:data/bacap_rewards/function/reward/animal/its_high_noon.mcfunction; используется в 39 местах	VANILLA_RU	Чародейская книга	Ключ переведён в actual vanilla Minecraft 26.2 ru_ru.
item.minecraft.end_crystal	item.minecraft.end_crystal	MESSAGE		Видимое BACAP сообщение из bacap.zip:data/bacap_rewards/function/reward/end/the_end_again.mcfunction; используется в 2 местах	VANILLA_RU	Кристалл Энда	Ключ переведён в actual vanilla Minecraft 26.2 ru_ru.
item.minecraft.ender_eye	item.minecraft.ender_eye	MESSAGE		Видимое BACAP сообщение из bacap.zip:data/bacap_rewards/function/reward/nether/enders_chest.mcfunction; используется в 2 местах	VANILLA_RU	Око Эндера	Ключ переведён в actual vanilla Minecraft 26.2 ru_ru.
item.minecraft.ender_pearl	item.minecraft.ender_pearl	MESSAGE		Видимое BACAP сообщение из bacap.zip:data/bacap_rewards/function/reward/adventure/genesis_of_the_end.mcfunction; используется в 9 местах	VANILLA_RU	Эндер-жемчуг	Ключ переведён в actual vanilla Minecraft 26.2 ru_ru.
item.minecraft.feather	item.minecraft.feather	MESSAGE		Видимое BACAP сообщение из bacap.zip:data/bacap_rewards/function/reward/animal/tickle_time.mcfunction; используется в 2 местах	VANILLA_RU	Перо	Ключ переведён в actual vanilla Minecraft 26.2 ru_ru.
item.minecraft.fermented_spider_eye	item.minecraft.fermented_spider_eye	MESSAGE		Видимое BACAP сообщение из bacap.zip:data/bacap_rewards/function/reward/monsters/the_ghastly_eyes.mcfunction; используется в 2 местах	VANILLA_RU	Маринованный паучий глаз	Ключ переведён в actual vanilla Minecraft 26.2 ru_ru.
item.minecraft.firework_rocket	item.minecraft.firework_rocket	MESSAGE		Видимое BACAP сообщение из bacap.zip:data/bacap_rewards/function/reward/end/divers_dozen.mcfunction; используется в 6 местах	VANILLA_RU	Фейерверк	Ключ переведён в actual vanilla Minecraft 26.2 ru_ru.
item.minecraft.flint	item.minecraft.flint	MESSAGE		Видимое BACAP сообщение из bacap.zip:data/bacap_rewards/function/reward/mining/bonfire_night.mcfunction; используется в 4 местах	VANILLA_RU	Кремень	Ключ переведён в actual vanilla Minecraft 26.2 ru_ru.
item.minecraft.ghast_tear	item.minecraft.ghast_tear	MESSAGE		Видимое BACAP сообщение из bacap.zip:data/bacap_rewards/function/reward/nether/bring_down_the_beast.mcfunction; используется в 9 местах	VANILLA_RU	Слеза гаста	Ключ переведён в actual vanilla Minecraft 26.2 ru_ru.
item.minecraft.glow_ink_sac	item.minecraft.glow_ink_sac	MESSAGE		Видимое BACAP сообщение из bacap.zip:data/bacap_rewards/function/reward/animal/cephalight.mcfunction; используется в 2 местах	VANILLA_RU	Светящийся чернильный мешок	Ключ переведён в actual vanilla Minecraft 26.2 ru_ru.
item.minecraft.gold_ingot	item.minecraft.gold_ingot	MESSAGE		Видимое BACAP сообщение из bacap.zip:data/bacap_rewards/function/reward/adventure/overpowered.mcfunction; используется в 16 местах	VANILLA_RU	Золотой слиток	Ключ переведён в actual vanilla Minecraft 26.2 ru_ru.
item.minecraft.gold_nugget	item.minecraft.gold_nugget	MESSAGE		Видимое BACAP сообщение из bacap.zip:data/bacap_rewards/function/reward/nether/nugget_in_a_biscuit.mcfunction; используется в 2 местах	VANILLA_RU	Кусочек золота	Ключ переведён в actual vanilla Minecraft 26.2 ru_ru.
item.minecraft.golden_apple	item.minecraft.golden_apple	MESSAGE		Видимое BACAP сообщение из bacap.zip:data/bacap_rewards/function/reward/animal/so_hungry_i_could_eat_a_horse.mcfunction; используется в 6 местах	VANILLA_RU	Золотое яблоко	Ключ переведён в actual vanilla Minecraft 26.2 ru_ru.
item.minecraft.golden_carrot	item.minecraft.golden_carrot	MESSAGE		Видимое BACAP сообщение из bacap.zip:data/bacap_rewards/function/reward/adventure/shady_deals.mcfunction; используется в 4 местах	VANILLA_RU	Золотая морковь	Ключ переведён в actual vanilla Minecraft 26.2 ru_ru.
item.minecraft.golden_horse_armor	item.minecraft.golden_horse_armor	MESSAGE		Видимое BACAP сообщение из bacap.zip:data/bacap_rewards/function/reward/animal/its_high_noon.mcfunction; используется в 2 местах	VANILLA_RU	Золотая конская броня	Ключ переведён в actual vanilla Minecraft 26.2 ru_ru.
item.minecraft.gunpowder	item.minecraft.gunpowder	MESSAGE		Видимое BACAP сообщение из bacap.zip:data/bacap_rewards/function/reward/end/rocketman.mcfunction; используется в 13 местах	VANILLA_RU	Порох	Ключ переведён в actual vanilla Minecraft 26.2 ru_ru.
item.minecraft.honey_bottle	item.minecraft.honey_bottle	MESSAGE		Видимое BACAP сообщение из bacap.zip:data/bacap_rewards/function/reward/animal/nest_quick.mcfunction; используется в 2 местах	VANILLA_RU	Бутылочка мёда	Ключ переведён в actual vanilla Minecraft 26.2 ru_ru.
item.minecraft.honeycomb	item.minecraft.honeycomb	MESSAGE		Видимое BACAP сообщение из bacap.zip:data/bacap_rewards/function/reward/animal/hive_mind.mcfunction; используется в 3 местах	VANILLA_RU	Пчелиные соты	Ключ переведён в actual vanilla Minecraft 26.2 ru_ru.
item.minecraft.ink_sac	item.minecraft.ink_sac	MESSAGE		Видимое BACAP сообщение из bacap.zip:data/bacap_rewards/function/reward/farming/its_full_of_ink.mcfunction; используется в 2 местах	VANILLA_RU	Чернильный мешок	Ключ переведён в actual vanilla Minecraft 26.2 ru_ru.
item.minecraft.iron_ingot	item.minecraft.iron_ingot	MESSAGE		Видимое BACAP сообщение из bacap.zip:data/bacap_rewards/function/reward/adventure/your_daily_fix.mcfunction; используется в 14 местах	VANILLA_RU	Железный слиток	Ключ переведён в actual vanilla Minecraft 26.2 ru_ru.
item.minecraft.lapis_lazuli	item.minecraft.lapis_lazuli	MESSAGE		Видимое BACAP сообщение из bacap.zip:data/bacap_rewards/function/reward/challenges/ultimate_enchanter.mcfunction; используется в 26 местах	VANILLA_RU	Лазурит	Ключ переведён в actual vanilla Minecraft 26.2 ru_ru.
item.minecraft.lead	item.minecraft.lead	MESSAGE		Видимое BACAP сообщение из bacap.zip:data/bacap_rewards/function/reward/animal/beeloons.mcfunction; используется в 3 местах	VANILLA_RU	Поводок	Ключ переведён в actual vanilla Minecraft 26.2 ru_ru.
item.minecraft.leather	item.minecraft.leather	MESSAGE		Видимое BACAP сообщение из bacap.zip:data/bacap_rewards/function/reward/animal/colorful_cavalry.mcfunction; используется в 15 местах	VANILLA_RU	Кожа	Ключ переведён в actual vanilla Minecraft 26.2 ru_ru.
item.minecraft.magma_cream	item.minecraft.magma_cream	MESSAGE		Видимое BACAP сообщение из bacap.zip:data/bacap_rewards/function/reward/nether/high_temperature_fluid_monster.mcfunction; используется в 4 местах	VANILLA_RU	Сгусток магмы	Ключ переведён в actual vanilla Minecraft 26.2 ru_ru.
item.minecraft.name_tag	item.minecraft.name_tag	MESSAGE		Видимое BACAP сообщение из bacap.zip:data/bacap_rewards/function/reward/adventure/i_just_want_to_make_toast.mcfunction; используется в 6 местах	VANILLA_RU	Бирка	Ключ переведён в actual vanilla Minecraft 26.2 ru_ru.
item.minecraft.nautilus_shell	item.minecraft.nautilus_shell	MESSAGE		Видимое BACAP сообщение из bacap.zip:data/bacap_rewards/function/reward/biomes/ahoy.mcfunction; используется в 8 местах	VANILLA_RU	Раковина наутилуса	Ключ переведён в actual vanilla Minecraft 26.2 ru_ru.
item.minecraft.netherite_ingot	item.minecraft.netherite_ingot	MESSAGE		Видимое BACAP сообщение из bacap.zip:data/bacap_rewards/function/reward/mining/moar_broken_tools.mcfunction; используется в 7 местах	VANILLA_RU	Незеритовый слиток	Ключ переведён в actual vanilla Minecraft 26.2 ru_ru.
item.minecraft.ominous_trial_key	item.minecraft.ominous_trial_key	MESSAGE		Видимое BACAP сообщение из bacap.zip:data/bacap_rewards/function/reward/adventure/revaulting.mcfunction; используется в 2 местах	VANILLA_RU	Зловещий ключ испытаний	Ключ переведён в actual vanilla Minecraft 26.2 ru_ru.
item.minecraft.phantom_membrane	item.minecraft.phantom_membrane	MESSAGE		Видимое BACAP сообщение из bacap.zip:data/bacap_rewards/function/reward/building/insomniac.mcfunction; используется в 8 местах	VANILLA_RU	Мембрана фантома	Ключ переведён в actual vanilla Minecraft 26.2 ru_ru.
item.minecraft.porkchop	item.minecraft.porkchop	MESSAGE		Видимое BACAP сообщение из bacap.zip:data/bacap_rewards/function/reward/animal/bacon.mcfunction; используется в 8 местах	VANILLA_RU	Сырая свинина	Ключ переведён в actual vanilla Minecraft 26.2 ru_ru.
item.minecraft.prismarine_crystals	item.minecraft.prismarine_crystals	MESSAGE		Видимое BACAP сообщение из bacap.zip:data/bacap_rewards/function/reward/adventure/guardian_destroyer.mcfunction; используется в 4 местах	VANILLA_RU	Кристалл призмарина	Ключ переведён в actual vanilla Minecraft 26.2 ru_ru.
item.minecraft.prismarine_shard	item.minecraft.prismarine_shard	MESSAGE		Видимое BACAP сообщение из bacap.zip:data/bacap_rewards/function/reward/adventure/guardian_destroyer.mcfunction; используется в 4 местах	VANILLA_RU	Осколок призмарина	Ключ переведён в actual vanilla Minecraft 26.2 ru_ru.
item.minecraft.pufferfish	item.minecraft.pufferfish	MESSAGE		Видимое BACAP сообщение из bacap.zip:data/bacap_rewards/function/reward/adventure/monumental.mcfunction; используется в 4 местах	VANILLA_RU	Иглобрюх	Ключ переведён в actual vanilla Minecraft 26.2 ru_ru.
item.minecraft.rabbit	item.minecraft.rabbit	MESSAGE		Видимое BACAP сообщение из bacap.zip:data/bacap_rewards/function/reward/animal/in_a_hole_there_lived_a_rabbit.mcfunction; используется в 2 местах	VANILLA_RU	Сырая крольчатина	Ключ переведён в actual vanilla Minecraft 26.2 ru_ru.
item.minecraft.rabbit_foot	item.minecraft.rabbit_foot	MESSAGE		Видимое BACAP сообщение из bacap.zip:data/bacap_rewards/function/reward/adventure/i_just_want_to_make_toast.mcfunction; используется в 3 местах	VANILLA_RU	Кроличья лапка	Ключ переведён в actual vanilla Minecraft 26.2 ru_ru.
item.minecraft.rabbit_hide	item.minecraft.rabbit_hide	MESSAGE		Видимое BACAP сообщение из bacap.zip:data/bacap_rewards/function/reward/animal/going_down_the_rabbit_hole.mcfunction; используется в 2 местах	VANILLA_RU	Кроличья шкурка	Ключ переведён в actual vanilla Minecraft 26.2 ru_ru.
item.minecraft.raw_gold	item.minecraft.raw_gold	MESSAGE		Видимое BACAP сообщение из bacap.zip:data/bacap_rewards/function/reward/mining/gold_mine.mcfunction; используется в 2 местах	VANILLA_RU	Рудное золото	Ключ переведён в actual vanilla Minecraft 26.2 ru_ru.
item.minecraft.raw_iron	item.minecraft.raw_iron	MESSAGE		Видимое BACAP сообщение из bacap.zip:data/bacap_rewards/function/reward/building/blast_it.mcfunction; используется в 2 местах	VANILLA_RU	Рудное железо	Ключ переведён в actual vanilla Minecraft 26.2 ru_ru.
item.minecraft.redstone	item.minecraft.redstone	MESSAGE		Видимое BACAP сообщение из bacap.zip:data/bacap_rewards/function/reward/mining/seeing_red.mcfunction; используется в 2 местах	VANILLA_RU	Редстоуновая пыль	Ключ переведён в actual vanilla Minecraft 26.2 ru_ru.
item.minecraft.rotten_flesh	item.minecraft.rotten_flesh	MESSAGE		Видимое BACAP сообщение из bacap.zip:data/bacap_rewards/function/reward/animal/puppies_yipe.mcfunction; используется в 5 местах	VANILLA_RU	Гнилая плоть	Ключ переведён в actual vanilla Minecraft 26.2 ru_ru.
item.minecraft.saddle	item.minecraft.saddle	MESSAGE		Видимое BACAP сообщение из bacap.zip:data/bacap_rewards/function/reward/statistics/lightning_mcpig.mcfunction; используется в 2 местах	VANILLA_RU	Седло	Ключ переведён в actual vanilla Minecraft 26.2 ru_ru.
item.minecraft.shulker_shell	item.minecraft.shulker_shell	MESSAGE		Видимое BACAP сообщение из bacap.zip:data/bacap_rewards/function/reward/end/a_wizards_breakfast.mcfunction; используется в 9 местах	VANILLA_RU	Панцирь шалкера	Ключ переведён в actual vanilla Minecraft 26.2 ru_ru.
item.minecraft.slime_ball	item.minecraft.slime_ball	MESSAGE		Видимое BACAP сообщение из bacap.zip:data/bacap_rewards/function/reward/animal/frog_family.mcfunction; используется в 5 местах	VANILLA_RU	Сгусток слизи	Ключ переведён в actual vanilla Minecraft 26.2 ru_ru.
item.minecraft.spider_eye	item.minecraft.spider_eye	MESSAGE		Видимое BACAP сообщение из bacap.zip:data/bacap_rewards/function/reward/animal/farmadillo.mcfunction; используется в 3 местах	VANILLA_RU	Паучий глаз	Ключ переведён в actual vanilla Minecraft 26.2 ru_ru.
item.minecraft.string	item.minecraft.string	MESSAGE		Видимое BACAP сообщение из bacap.zip:data/bacap_rewards/function/reward/monsters/ew_ew_ew.mcfunction; используется в 4 местах	VANILLA_RU	Нить	Ключ переведён в actual vanilla Minecraft 26.2 ru_ru.
item.minecraft.tipped_arrow.effect.slowness	item.minecraft.tipped_arrow.effect.slowness	MESSAGE		Видимое BACAP сообщение из bacap.zip:data/bacap_rewards/function/reward/monsters/frosty.mcfunction; используется в 2 местах	VANILLA_RU	Стрела замедления	Ключ переведён в actual vanilla Minecraft 26.2 ru_ru.
item.minecraft.totem_of_undying	item.minecraft.totem_of_undying	MESSAGE		Видимое BACAP сообщение из bacap.zip:data/bacap_rewards/function/reward/adventure/postmortal.mcfunction; используется в 2 местах	VANILLA_RU	Тотем бессмертия	Ключ переведён в actual vanilla Minecraft 26.2 ru_ru.
item.minecraft.trial_key	item.minecraft.trial_key	MESSAGE		Видимое BACAP сообщение из bacap.zip:data/bacap_rewards/function/reward/adventure/under_lock_and_key.mcfunction; используется в 2 местах	VANILLA_RU	Ключ испытаний	Ключ переведён в actual vanilla Minecraft 26.2 ru_ru.
item.minecraft.trident	item.minecraft.trident	MESSAGE		Видимое BACAP сообщение из bacap.zip:data/bacap_rewards/function/reward/enchanting/god_of_thunder.mcfunction; используется в 3 местах	VANILLA_RU	Трезубец	Ключ переведён в actual vanilla Minecraft 26.2 ru_ru.
item.minecraft.tropical_fish	item.minecraft.tropical_fish	MESSAGE		Видимое BACAP сообщение из bacap.zip:data/bacap_rewards/function/reward/animal/axolittle.mcfunction; используется в 4 местах	VANILLA_RU	Тропическая рыба	Ключ переведён в actual vanilla Minecraft 26.2 ru_ru.
item.minecraft.turtle_scute	item.minecraft.turtle_scute	MESSAGE		Видимое BACAP сообщение из bacap.zip:data/bacap_rewards/function/reward/animal/save_the_turtles.mcfunction; используется в 5 местах	VANILLA_RU	Черепаший щиток	Ключ переведён в actual vanilla Minecraft 26.2 ru_ru.
item.minecraft.water_bucket	item.minecraft.water_bucket	MESSAGE		Видимое BACAP сообщение из bacap.zip:data/bacap_rewards/function/reward/animal/aquarium.mcfunction; используется в 3 местах	VANILLA_RU	Ведро воды	Ключ переведён в actual vanilla Minecraft 26.2 ru_ru.
item.minecraft.wheat	item.minecraft.wheat	MESSAGE		Видимое BACAP сообщение из bacap.zip:data/bacap_rewards/function/reward/animal/billy_the_kid.mcfunction; используется в 4 местах	VANILLA_RU	Пшеница	Ключ переведён в actual vanilla Minecraft 26.2 ru_ru.
item.minecraft.wheat_seeds	item.minecraft.wheat_seeds	MESSAGE		Видимое BACAP сообщение из bacap.zip:data/bacap_rewards/function/reward/animal/feeding_the_chickens.mcfunction; используется в 2 местах	VANILLA_RU	Семена пшеницы	Ключ переведён в actual vanilla Minecraft 26.2 ru_ru.
item.minecraft.wind_charge	item.minecraft.wind_charge	MESSAGE		Видимое BACAP сообщение из bacap.zip:data/bacap_rewards/function/reward/adventure/from_under_your_feet.mcfunction; используется в 4 местах	VANILLA_RU	Заряд ветра	Ключ переведён в actual vanilla Minecraft 26.2 ru_ru.
Everyone's currently-obtained advancements will be shared between all players on their team immediately when turning this setting on.	Everyone's currently-obtained advancements will be shared between all players on their team immediately when turning this setting on.	MESSAGE	blazeandcave:config/coop_ru_sure_team	Видимое BACAP сообщение из bacap.zip:data/blazeandcave/function/config/coop_ru_sure_team.mcfunction	MANUAL_REQUIRED		Пользовательский текст без покрытия official/vanilla источниками.
Team Cooperative Mode makes it so that whenever a player gets an advancement, that advancement will be shared across all players on a team.	Team Cooperative Mode makes it so that whenever a player gets an advancement, that advancement will be shared across all players on a team.	MESSAGE	blazeandcave:config/coop_ru_sure_team	Видимое BACAP сообщение из bacap.zip:data/blazeandcave/function/config/coop_ru_sure_team.mcfunction	MANUAL_REQUIRED		Пользовательский текст без покрытия official/vanilla источниками.
Patreon	Patreon	MESSAGE	blazeandcave:config/help_links	Видимое BACAP сообщение из bacap.zip:data/blazeandcave/function/config/help_links.mcfunction	PROPER_NAME_NO_TRANSLATION		Собственное имя/бренд; перевод не требуется.
/team join bac_team_<color> <player>	/team join bac_team_<color> <player>	MESSAGE	blazeandcave:config/help_teams	Видимое BACAP сообщение из bacap.zip:data/blazeandcave/function/config/help_teams.mcfunction	COMMAND_NO_TRANSLATION		Синтаксис команды; переводить нельзя.
[ »» ]	[ »» ]	MESSAGE	blazeandcave:config/revoke_ru_sure	Видимое BACAP сообщение из bacap.zip:data/blazeandcave/function/config/revoke_ru_sure.mcfunction	SYMBOL_NO_TRANSLATION		Символ/декоративный фрагмент; перевод не требуется.
Created by 	Created by 	MESSAGE	blazeandcave:msg_welcome.mcfunction/msg_welcome	Видимое BACAP сообщение из bacap.zip:data/blazeandcave/function/msg_welcome.mcfunction	MANUAL_REQUIRED		Пользовательский текст без покрытия official/vanilla источниками.
gui.advancements	gui.advancements	MESSAGE	blazeandcave:new_world.mcfunction/new_world	Видимое BACAP сообщение из bacap_override:data/blazeandcave/function/new_world.mcfunction	VANILLA_RU	Достижения	Ключ переведён в actual vanilla Minecraft 26.2 ru_ru.
item.minecraft.disc_fragment_5	item.minecraft.disc_fragment_5	MESSAGE	blazeandcave:reward/9_to_5	Видимое BACAP сообщение из bacap.zip:data/bacap_rewards/function/reward/mining/9_to_5.mcfunction	VANILLA_RU	Осколок пластинки	Ключ переведён в actual vanilla Minecraft 26.2 ru_ru.
block.minecraft.oak_fence	block.minecraft.oak_fence	MESSAGE	blazeandcave:reward/a_rather_pointy_fence_post	Видимое BACAP сообщение из bacap.zip:data/bacap_rewards/function/reward/enchanting/a_rather_pointy_fence_post.mcfunction	VANILLA_RU	Дубовый забор	Ключ переведён в actual vanilla Minecraft 26.2 ru_ru.
item.minecraft.glow_berries	item.minecraft.glow_berries	MESSAGE	blazeandcave:reward/a_shiny_treat	Видимое BACAP сообщение из bacap.zip:data/bacap_rewards/function/reward/mining/a_shiny_treat.mcfunction	VANILLA_RU	Светящиеся ягоды	Ключ переведён в actual vanilla Minecraft 26.2 ru_ru.
block.minecraft.amethyst_block	block.minecraft.amethyst_block	MESSAGE	blazeandcave:reward/amethyst_miner	Видимое BACAP сообщение из bacap.zip:data/bacap_rewards/function/reward/mining/amethyst_miner.mcfunction	VANILLA_RU	Аметистовый блок	Ключ переведён в actual vanilla Minecraft 26.2 ru_ru.
item.minecraft.writable_book	item.minecraft.writable_book	MESSAGE	blazeandcave:reward/an_amazing_story	Видимое BACAP сообщение из bacap.zip:data/bacap_rewards/function/reward/farming/an_amazing_story.mcfunction	VANILLA_RU	Книга и перо	Ключ переведён в actual vanilla Minecraft 26.2 ru_ru.
enchantment.minecraft.multishot	enchantment.minecraft.multishot	MESSAGE	blazeandcave:reward/artillery	Видимое BACAP сообщение из bacap.zip:data/bacap_rewards/function/reward/weaponry/artillery.mcfunction	VANILLA_RU	Тройной выстрел	Ключ переведён в actual vanilla Minecraft 26.2 ru_ru.
item.minecraft.crossbow	item.minecraft.crossbow	MESSAGE	blazeandcave:reward/artillery	Видимое BACAP сообщение из bacap.zip:data/bacap_rewards/function/reward/weaponry/artillery.mcfunction	VANILLA_RU	Арбалет	Ключ переведён в actual vanilla Minecraft 26.2 ru_ru.
item.minecraft.bread	item.minecraft.bread	MESSAGE	blazeandcave:reward/bake_bread	Видимое BACAP сообщение из bacap.zip:data/bacap_rewards/function/reward/farming/bake_bread.mcfunction	VANILLA_RU	Хлеб	Ключ переведён в actual vanilla Minecraft 26.2 ru_ru.
block.minecraft.bamboo_block	block.minecraft.bamboo_block	MESSAGE	blazeandcave:reward/bamboozled	Видимое BACAP сообщение из bacap.zip:data/bacap_rewards/function/reward/building/bamboozled.mcfunction	VANILLA_RU	Блок бамбука	Ключ переведён в actual vanilla Minecraft 26.2 ru_ru.
block.minecraft.barrel	block.minecraft.barrel	MESSAGE	blazeandcave:reward/barrel_rider	Видимое BACAP сообщение из bacap.zip:data/bacap_rewards/function/reward/building/barrel_rider.mcfunction	VANILLA_RU	Бочка	Ключ переведён в actual vanilla Minecraft 26.2 ru_ru.
block.minecraft.nether_wart	block.minecraft.nether_wart	MESSAGE	blazeandcave:reward/basis_of_brewing	Видимое BACAP сообщение из bacap.zip:data/bacap_rewards/function/reward/nether/basis_of_brewing.mcfunction	VANILLA_RU	Незерский нарост	Ключ переведён в actual vanilla Minecraft 26.2 ru_ru.
item.minecraft.nether_star	item.minecraft.nether_star	MESSAGE	blazeandcave:reward/beacon_overlord	Видимое BACAP сообщение из bacap.zip:data/bacap_rewards/function/reward/nether/beacon_overlord.mcfunction	VANILLA_RU	Звезда Незера	Ключ переведён в actual vanilla Minecraft 26.2 ru_ru.
item.minecraft.sweet_berries	item.minecraft.sweet_berries	MESSAGE	blazeandcave:reward/berry_nice	Видимое BACAP сообщение из bacap.zip:data/bacap_rewards/function/reward/farming/berry_nice.mcfunction	VANILLA_RU	Сладкие ягоды	Ключ переведён в actual vanilla Minecraft 26.2 ru_ru.
block.minecraft.tinted_glass	block.minecraft.tinted_glass	MESSAGE	blazeandcave:reward/blackout	Видимое BACAP сообщение из bacap.zip:data/bacap_rewards/function/reward/mining/blackout.mcfunction	VANILLA_RU	Тонированное стекло	Ключ переведён в actual vanilla Minecraft 26.2 ru_ru.
enchantment.minecraft.flame	enchantment.minecraft.flame	MESSAGE	blazeandcave:reward/blaze_extinguisher	Видимое BACAP сообщение из bacap.zip:data/bacap_rewards/function/reward/nether/blaze_extinguisher.mcfunction	VANILLA_RU	Воспламенение	Ключ переведён в actual vanilla Minecraft 26.2 ru_ru.
block.minecraft.bricks	block.minecraft.bricks	MESSAGE	blazeandcave:reward/bricks	Видимое BACAP сообщение из bacap.zip:data/bacap_rewards/function/reward/building/bricks.mcfunction	VANILLA_RU	Кирпичи	Ключ переведён в actual vanilla Minecraft 26.2 ru_ru.
block.minecraft.copper_bulb	block.minecraft.copper_bulb	MESSAGE	blazeandcave:reward/bulbous	Видимое BACAP сообщение из bacap.zip:data/bacap_rewards/function/reward/building/bulbous.mcfunction	VANILLA_RU	Медная лампа	Ключ переведён в actual vanilla Minecraft 26.2 ru_ru.
enchantment.minecraft.channeling	enchantment.minecraft.channeling	MESSAGE	blazeandcave:reward/camouflage	Видимое BACAP сообщение из bacap.zip:data/bacap_rewards/function/reward/monsters/camouflage.mcfunction	VANILLA_RU	Громовержец	Ключ переведён в actual vanilla Minecraft 26.2 ru_ru.
block.minecraft.acacia_sapling	block.minecraft.acacia_sapling	MESSAGE	blazeandcave:reward/care_for_the_environment	Видимое BACAP сообщение из bacap.zip:data/bacap_rewards/function/reward/farming/care_for_the_environment.mcfunction	VANILLA_RU	Саженец акации	Ключ переведён в actual vanilla Minecraft 26.2 ru_ru.
block.minecraft.birch_sapling	block.minecraft.birch_sapling	MESSAGE	blazeandcave:reward/care_for_the_environment	Видимое BACAP сообщение из bacap.zip:data/bacap_rewards/function/reward/farming/care_for_the_environment.mcfunction	VANILLA_RU	Саженец берёзы	Ключ переведён в actual vanilla Minecraft 26.2 ru_ru.
block.minecraft.cherry_sapling	block.minecraft.cherry_sapling	MESSAGE	blazeandcave:reward/care_for_the_environment	Видимое BACAP сообщение из bacap.zip:data/bacap_rewards/function/reward/farming/care_for_the_environment.mcfunction	VANILLA_RU	Саженец вишни	Ключ переведён в actual vanilla Minecraft 26.2 ru_ru.
block.minecraft.dark_oak_sapling	block.minecraft.dark_oak_sapling	MESSAGE	blazeandcave:reward/care_for_the_environment	Видимое BACAP сообщение из bacap.zip:data/bacap_rewards/function/reward/farming/care_for_the_environment.mcfunction	VANILLA_RU	Саженец тёмного дуба	Ключ переведён в actual vanilla Minecraft 26.2 ru_ru.
block.minecraft.jungle_sapling	block.minecraft.jungle_sapling	MESSAGE	blazeandcave:reward/care_for_the_environment	Видимое BACAP сообщение из bacap.zip:data/bacap_rewards/function/reward/farming/care_for_the_environment.mcfunction	VANILLA_RU	Саженец джунглевого дерева	Ключ переведён в actual vanilla Minecraft 26.2 ru_ru.
block.minecraft.pale_oak_sapling	block.minecraft.pale_oak_sapling	MESSAGE	blazeandcave:reward/care_for_the_environment	Видимое BACAP сообщение из bacap.zip:data/bacap_rewards/function/reward/farming/care_for_the_environment.mcfunction	VANILLA_RU	Саженец бледного дуба	Ключ переведён в actual vanilla Minecraft 26.2 ru_ru.
block.minecraft.soul_soil	block.minecraft.soul_soil	MESSAGE	blazeandcave:reward/cerulean	Видимое BACAP сообщение из bacap.zip:data/bacap_rewards/function/reward/building/cerulean.mcfunction	VANILLA_RU	Почва душ	Ключ переведён в actual vanilla Minecraft 26.2 ru_ru.
item.minecraft.raw_copper	item.minecraft.raw_copper	MESSAGE	blazeandcave:reward/copper_miner	Видимое BACAP сообщение из bacap.zip:data/bacap_rewards/function/reward/mining/copper_miner.mcfunction	VANILLA_RU	Рудная медь	Ключ переведён в actual vanilla Minecraft 26.2 ru_ru.
item.minecraft.compass	item.minecraft.compass	MESSAGE	blazeandcave:reward/country_lode_take_me_home	Видимое BACAP сообщение из bacap.zip:data/bacap_rewards/function/reward/nether/country_lode_take_me_home.mcfunction	VANILLA_RU	Компас	Ключ переведён в actual vanilla Minecraft 26.2 ru_ru.
block.minecraft.wither_rose	block.minecraft.wither_rose	MESSAGE	blazeandcave:reward/decaying_beauty	Видимое BACAP сообщение из bacap.zip:data/bacap_rewards/function/reward/nether/decaying_beauty.mcfunction	VANILLA_RU	Визерская роза	Ключ переведён в actual vanilla Minecraft 26.2 ru_ru.
item.minecraft.cooked_cod	item.minecraft.cooked_cod	MESSAGE	blazeandcave:reward/delicious_fish	Видимое BACAP сообщение из bacap.zip:data/bacap_rewards/function/reward/animal/delicious_fish.mcfunction	VANILLA_RU	Жареная треска	Ключ переведён в actual vanilla Minecraft 26.2 ru_ru.
item.minecraft.potato	item.minecraft.potato	MESSAGE	blazeandcave:reward/die_potato	Видимое BACAP сообщение из bacap.zip:data/bacap_rewards/function/reward/farming/die_potato.mcfunction	VANILLA_RU	Картофель	Ключ переведён в actual vanilla Minecraft 26.2 ru_ru.
block.minecraft.cobweb	block.minecraft.cobweb	MESSAGE	blazeandcave:reward/eeuuwww	Видимое BACAP сообщение из bacap.zip:data/bacap_rewards/function/reward/mining/eeuuwww.mcfunction	VANILLA_RU	Паутина	Ключ переведён в actual vanilla Minecraft 26.2 ru_ru.
block.minecraft.redstone_lamp	block.minecraft.redstone_lamp	MESSAGE	blazeandcave:reward/electric	Видимое BACAP сообщение из bacap.zip:data/bacap_rewards/function/reward/building/electric.mcfunction	VANILLA_RU	Редстоуновая лампа	Ключ переведён в actual vanilla Minecraft 26.2 ru_ru.
block.minecraft.packed_mud	block.minecraft.packed_mud	MESSAGE	blazeandcave:reward/elmer_mudd	Видимое BACAP сообщение из bacap.zip:data/bacap_rewards/function/reward/building/elmer_mudd.mcfunction	VANILLA_RU	Плотная грязь	Ключ переведён в actual vanilla Minecraft 26.2 ru_ru.
enchantment.minecraft.knockback	enchantment.minecraft.knockback	MESSAGE	blazeandcave:reward/enderman_destroyer	Видимое BACAP сообщение из bacap.zip:data/bacap_rewards/function/reward/monsters/enderman_destroyer.mcfunction	VANILLA_RU	Отдача	Ключ переведён в actual vanilla Minecraft 26.2 ru_ru.
block.minecraft.sea_lantern	block.minecraft.sea_lantern	MESSAGE	blazeandcave:reward/expensive	Видимое BACAP сообщение из bacap.zip:data/bacap_rewards/function/reward/building/expensive.mcfunction	VANILLA_RU	Морской фонарь	Ключ переведён в actual vanilla Minecraft 26.2 ru_ru.
item.minecraft.bow	item.minecraft.bow	MESSAGE	blazeandcave:reward/factorio	Видимое BACAP сообщение из bacap.zip:data/bacap_rewards/function/reward/redstone/factorio.mcfunction	VANILLA_RU	Лук	Ключ переведён в actual vanilla Minecraft 26.2 ru_ru.
block.minecraft.resin_block	block.minecraft.resin_block	MESSAGE	blazeandcave:reward/fake_copper	Видимое BACAP сообщение из bacap.zip:data/bacap_rewards/function/reward/biomes/fake_copper.mcfunction	VANILLA_RU	Смоляной блок	Ключ переведён в actual vanilla Minecraft 26.2 ru_ru.
block.minecraft.nether_bricks	block.minecraft.nether_bricks	MESSAGE	blazeandcave:reward/fake_fortress	Видимое BACAP сообщение из bacap.zip:data/bacap_rewards/function/reward/building/fake_fortress.mcfunction	VANILLA_RU	Незерские кирпичи	Ключ переведён в actual vanilla Minecraft 26.2 ru_ru.
block.minecraft.stone_bricks	block.minecraft.stone_bricks	MESSAGE	blazeandcave:reward/fake_stronghold	Видимое BACAP сообщение из bacap.zip:data/bacap_rewards/function/reward/building/fake_stronghold.mcfunction	VANILLA_RU	Каменные кирпичи	Ключ переведён в actual vanilla Minecraft 26.2 ru_ru.
item.minecraft.cooked_mutton	item.minecraft.cooked_mutton	MESSAGE	blazeandcave:reward/feeling_sheepish	Видимое BACAP сообщение из bacap.zip:data/bacap_rewards/function/reward/animal/feeling_sheepish.mcfunction	VANILLA_RU	Жареная баранина	Ключ переведён в actual vanilla Minecraft 26.2 ru_ru.
block.minecraft.lantern	block.minecraft.lantern	MESSAGE	blazeandcave:reward/festival_of_lights	Видимое BACAP сообщение из bacap.zip:data/bacap_rewards/function/reward/building/festival_of_lights.mcfunction	VANILLA_RU	Фонарь	Ключ переведён в actual vanilla Minecraft 26.2 ru_ru.
block.minecraft.emerald_block	block.minecraft.emerald_block	MESSAGE	blazeandcave:reward/filthy_stinkin_rich	Видимое BACAP сообщение из bacap.zip:data/bacap_rewards/function/reward/adventure/filthy_stinkin_rich.mcfunction	VANILLA_RU	Изумрудный блок	Ключ переведён в actual vanilla Minecraft 26.2 ru_ru.
block.minecraft.end_rod	block.minecraft.end_rod	MESSAGE	blazeandcave:reward/fluorescent	Видимое BACAP сообщение из bacap.zip:data/bacap_rewards/function/reward/building/fluorescent.mcfunction	VANILLA_RU	Стержень Энда	Ключ переведён в actual vanilla Minecraft 26.2 ru_ru.
enchantment.minecraft.aqua_affinity	enchantment.minecraft.aqua_affinity	MESSAGE	blazeandcave:reward/free_diver	Видимое BACAP сообщение из bacap.zip:data/bacap_rewards/function/reward/biomes/free_diver.mcfunction	VANILLA_RU	Подводник	Ключ переведён в actual vanilla Minecraft 26.2 ru_ru.
enchantment.minecraft.smite	enchantment.minecraft.smite	MESSAGE	blazeandcave:reward/freezing	Видимое BACAP сообщение из bacap.zip:data/bacap_rewards/function/reward/monsters/freezing.mcfunction	VANILLA_RU	Небесная кара	Ключ переведён в actual vanilla Minecraft 26.2 ru_ru.
block.minecraft.red_shulker_box	block.minecraft.red_shulker_box	MESSAGE	blazeandcave:reward/frequent_flyer	Видимое BACAP сообщение из bacap.zip:data/bacap_rewards/function/reward/statistics/frequent_flyer.mcfunction	VANILLA_RU	Красный шалкеровый ящик	Ключ переведён в actual vanilla Minecraft 26.2 ru_ru.
item.minecraft.enchanted_golden_apple	item.minecraft.enchanted_golden_apple	MESSAGE	blazeandcave:reward/fruit_of_the_looms	Видимое BACAP сообщение из bacap.zip:data/bacap_rewards/function/reward/building/fruit_of_the_looms.mcfunction	VANILLA_RU	Зачарованное золотое яблоко	Ключ переведён в actual vanilla Minecraft 26.2 ru_ru.
item.minecraft.chorus_fruit	item.minecraft.chorus_fruit	MESSAGE	blazeandcave:reward/getting_chorus	Видимое BACAP сообщение из bacap.zip:data/bacap_rewards/function/reward/end/getting_chorus.mcfunction	VANILLA_RU	Плод хоруса	Ключ переведён в actual vanilla Minecraft 26.2 ru_ru.
enchantment.minecraft.punch	enchantment.minecraft.punch	MESSAGE	blazeandcave:reward/ghast_slayer	Видимое BACAP сообщение из bacap.zip:data/bacap_rewards/function/reward/nether/ghast_slayer.mcfunction	VANILLA_RU	Откидывание	Ключ переведён в actual vanilla Minecraft 26.2 ru_ru.
item.minecraft.spectral_arrow	item.minecraft.spectral_arrow	MESSAGE	blazeandcave:reward/glows_in_the_dark	Видимое BACAP сообщение из bacap.zip:data/bacap_rewards/function/reward/nether/glows_in_the_dark.mcfunction	VANILLA_RU	Спектральная стрела	Ключ переведён в actual vanilla Minecraft 26.2 ru_ru.
enchantment.minecraft.binding_curse	enchantment.minecraft.binding_curse	MESSAGE	blazeandcave:reward/handmade_blinding	Видимое BACAP сообщение из bacap.zip:data/bacap_rewards/function/reward/enchanting/handmade_blinding.mcfunction	VANILLA_RU	Проклятие несъёмности	Ключ переведён в actual vanilla Minecraft 26.2 ru_ru.
block.minecraft.clay	block.minecraft.clay	MESSAGE	blazeandcave:reward/harry_potter	Видимое BACAP сообщение из bacap.zip:data/bacap_rewards/function/reward/building/harry_potter.mcfunction	VANILLA_RU	Глина	Ключ переведён в actual vanilla Minecraft 26.2 ru_ru.
block.minecraft.honeycomb_block	block.minecraft.honeycomb_block	MESSAGE	blazeandcave:reward/honey_im_home	Видимое BACAP сообщение из bacap.zip:data/bacap_rewards/function/reward/animal/honey_im_home.mcfunction	VANILLA_RU	Блок пчелиных сот	Ключ переведён в actual vanilla Minecraft 26.2 ru_ru.
item.minecraft.iron_horse_armor	item.minecraft.iron_horse_armor	MESSAGE	blazeandcave:reward/horse_training	Видимое BACAP сообщение из bacap.zip:data/bacap_rewards/function/reward/statistics/horse_training.mcfunction	VANILLA_RU	Железная конская броня	Ключ переведён в actual vanilla Minecraft 26.2 ru_ru.
block.minecraft.sculk_shrieker	block.minecraft.sculk_shrieker	MESSAGE	blazeandcave:reward/house_of_freaks	Видимое BACAP сообщение из bacap.zip:data/bacap_rewards/function/reward/monsters/house_of_freaks.mcfunction	VANILLA_RU	Скалковый крикун	Ключ переведён в actual vanilla Minecraft 26.2 ru_ru.
enchantment.minecraft.fortune	enchantment.minecraft.fortune	MESSAGE	blazeandcave:reward/i_yearned_for_the_mines	Видимое BACAP сообщение из bacap.zip:data/bacap_rewards/function/reward/mining/i_yearned_for_the_mines.mcfunction	VANILLA_RU	Удача	Ключ переведён в actual vanilla Minecraft 26.2 ru_ru.
block.minecraft.ochre_froglight	block.minecraft.ochre_froglight	MESSAGE	blazeandcave:reward/incandescent	Видимое BACAP сообщение из bacap.zip:data/bacap_rewards/function/reward/building/incandescent.mcfunction	VANILLA_RU	Охристая квампа	Ключ переведён в actual vanilla Minecraft 26.2 ru_ru.
block.minecraft.pearlescent_froglight	block.minecraft.pearlescent_froglight	MESSAGE	blazeandcave:reward/incandescent	Видимое BACAP сообщение из bacap.zip:data/bacap_rewards/function/reward/building/incandescent.mcfunction	VANILLA_RU	Перламутровая квампа	Ключ переведён в actual vanilla Minecraft 26.2 ru_ru.
block.minecraft.verdant_froglight	block.minecraft.verdant_froglight	MESSAGE	blazeandcave:reward/incandescent	Видимое BACAP сообщение из bacap.zip:data/bacap_rewards/function/reward/building/incandescent.mcfunction	VANILLA_RU	Малахитовая квампа	Ключ переведён в actual vanilla Minecraft 26.2 ru_ru.
block.minecraft.pink_bed	block.minecraft.pink_bed	MESSAGE	blazeandcave:reward/insomniac	Видимое BACAP сообщение из bacap.zip:data/bacap_rewards/function/reward/building/insomniac.mcfunction	VANILLA_RU	Розовая кровать	Ключ переведён в actual vanilla Minecraft 26.2 ru_ru.
item.minecraft.torchflower_seeds	item.minecraft.torchflower_seeds	MESSAGE	blazeandcave:reward/jurassic_sniff	Видимое BACAP сообщение из bacap.zip:data/bacap_rewards/function/reward/adventure/jurassic_sniff.mcfunction	VANILLA_RU	Семена факельника	Ключ переведён в actual vanilla Minecraft 26.2 ru_ru.
block.minecraft.kelp	block.minecraft.kelp	MESSAGE	blazeandcave:reward/kelp_me	Видимое BACAP сообщение из bacap.zip:data/bacap_rewards/function/reward/farming/kelp_me.mcfunction	VANILLA_RU	Ламинария	Ключ переведён в actual vanilla Minecraft 26.2 ru_ru.
enchantment.level.5	enchantment.level.5	MESSAGE	blazeandcave:reward/kill_or_be_killed	Видимое BACAP сообщение из bacap.zip:data/bacap_rewards/function/reward/statistics/kill_or_be_killed.mcfunction	VANILLA_RU	V	Ключ переведён в actual vanilla Minecraft 26.2 ru_ru.
block.minecraft.bookshelf	block.minecraft.bookshelf	MESSAGE	blazeandcave:reward/librarian	Видимое BACAP сообщение из bacap.zip:data/bacap_rewards/function/reward/enchanting/librarian.mcfunction	VANILLA_RU	Книжная полка	Ключ переведён в actual vanilla Minecraft 26.2 ru_ru.
block.minecraft.glow_lichen	block.minecraft.glow_lichen	MESSAGE	blazeandcave:reward/lichen_subscribe	Видимое BACAP сообщение из bacap.zip:data/bacap_rewards/function/reward/mining/lichen_subscribe.mcfunction	VANILLA_RU	Светящийся лишайник	Ключ переведён в actual vanilla Minecraft 26.2 ru_ru.
item.minecraft.shears	item.minecraft.shears	MESSAGE	blazeandcave:reward/live_and_let_dye	Видимое BACAP сообщение из bacap.zip:data/bacap_rewards/function/reward/animal/live_and_let_dye.mcfunction	VANILLA_RU	Ножницы	Ключ переведён в actual vanilla Minecraft 26.2 ru_ru.
block.minecraft.lodestone	block.minecraft.lodestone	MESSAGE	blazeandcave:reward/lodes_of_applications	Видимое BACAP сообщение из bacap.zip:data/bacap_rewards/function/reward/nether/lodes_of_applications.mcfunction	VANILLA_RU	Магнетит	Ключ переведён в actual vanilla Minecraft 26.2 ru_ru.
enchantment.minecraft.fire_aspect	enchantment.minecraft.fire_aspect	MESSAGE	blazeandcave:reward/magma_cube_squisher	Видимое BACAP сообщение из bacap.zip:data/bacap_rewards/function/reward/nether/magma_cube_squisher.mcfunction	VANILLA_RU	Заговор огня	Ключ переведён в actual vanilla Minecraft 26.2 ru_ru.
block.minecraft.coal_block	block.minecraft.coal_block	MESSAGE	blazeandcave:reward/master_coal_miner	Видимое BACAP сообщение из bacap.zip:data/bacap_rewards/function/reward/mining/master_coal_miner.mcfunction	VANILLA_RU	Угольный блок	Ключ переведён в actual vanilla Minecraft 26.2 ru_ru.
block.minecraft.copper_block	block.minecraft.copper_block	MESSAGE	blazeandcave:reward/master_copper_miner	Видимое BACAP сообщение из bacap.zip:data/bacap_rewards/function/reward/mining/master_copper_miner.mcfunction	VANILLA_RU	Медный блок	Ключ переведён в actual vanilla Minecraft 26.2 ru_ru.
block.minecraft.gold_block	block.minecraft.gold_block	MESSAGE	blazeandcave:reward/master_gold_miner	Видимое BACAP сообщение из bacap.zip:data/bacap_rewards/function/reward/mining/master_gold_miner.mcfunction	VANILLA_RU	Золотой блок	Ключ переведён в actual vanilla Minecraft 26.2 ru_ru.
item.minecraft.glistering_melon_slice	item.minecraft.glistering_melon_slice	MESSAGE	blazeandcave:reward/medic	Видимое BACAP сообщение из bacap.zip:data/bacap_rewards/function/reward/potion/medic.mcfunction	VANILLA_RU	Сверкающий ломтик арбуза	Ключ переведён в actual vanilla Minecraft 26.2 ru_ru.
enchantment.minecraft.projectile_protection	enchantment.minecraft.projectile_protection	MESSAGE	blazeandcave:reward/melting	Видимое BACAP сообщение из bacap.zip:data/bacap_rewards/function/reward/monsters/melting.mcfunction	VANILLA_RU	Защита от снарядов	Ключ переведён в actual vanilla Minecraft 26.2 ru_ru.
item.minecraft.milk_bucket	item.minecraft.milk_bucket	MESSAGE	blazeandcave:reward/milk_does_your_body_good	Видимое BACAP сообщение из bacap.zip:data/bacap_rewards/function/reward/animal/milk_does_your_body_good.mcfunction	VANILLA_RU	Ведро молока	Ключ переведён в actual vanilla Minecraft 26.2 ru_ru.
block.minecraft.brown_shulker_box	block.minecraft.brown_shulker_box	MESSAGE	blazeandcave:reward/monstrous_music	Видимое BACAP сообщение из bacap.zip:data/bacap_rewards/function/reward/redstone/monstrous_music.mcfunction	VANILLA_RU	Коричневый шалкеровый ящик	Ключ переведён в actual vanilla Minecraft 26.2 ru_ru.
block.minecraft.creeper_head	block.minecraft.creeper_head	MESSAGE	blazeandcave:reward/monstrous_music	Видимое BACAP сообщение из bacap.zip:data/bacap_rewards/function/reward/redstone/monstrous_music.mcfunction	VANILLA_RU	Голова крипера	Ключ переведён в actual vanilla Minecraft 26.2 ru_ru.
block.minecraft.piglin_head	block.minecraft.piglin_head	MESSAGE	blazeandcave:reward/monstrous_music	Видимое BACAP сообщение из bacap.zip:data/bacap_rewards/function/reward/redstone/monstrous_music.mcfunction	VANILLA_RU	Голова пиглина	Ключ переведён в actual vanilla Minecraft 26.2 ru_ru.
block.minecraft.skeleton_skull	block.minecraft.skeleton_skull	MESSAGE	blazeandcave:reward/monstrous_music	Видимое BACAP сообщение из bacap.zip:data/bacap_rewards/function/reward/redstone/monstrous_music.mcfunction	VANILLA_RU	Череп	Ключ переведён в actual vanilla Minecraft 26.2 ru_ru.
block.minecraft.zombie_head	block.minecraft.zombie_head	MESSAGE	blazeandcave:reward/monstrous_music	Видимое BACAP сообщение из bacap.zip:data/bacap_rewards/function/reward/redstone/monstrous_music.mcfunction	VANILLA_RU	Голова зомби	Ключ переведён в actual vanilla Minecraft 26.2 ru_ru.
block.minecraft.raw_copper_block	block.minecraft.raw_copper_block	MESSAGE	blazeandcave:reward/mr_bean	Видимое BACAP сообщение из bacap.zip:data/bacap_rewards/function/reward/mining/mr_bean.mcfunction	VANILLA_RU	Блок рудной меди	Ключ переведён в actual vanilla Minecraft 26.2 ru_ru.
block.minecraft.raw_gold_block	block.minecraft.raw_gold_block	MESSAGE	blazeandcave:reward/mr_bean	Видимое BACAP сообщение из bacap.zip:data/bacap_rewards/function/reward/mining/mr_bean.mcfunction	VANILLA_RU	Блок рудного золота	Ключ переведён в actual vanilla Minecraft 26.2 ru_ru.
block.minecraft.raw_iron_block	block.minecraft.raw_iron_block	MESSAGE	blazeandcave:reward/mr_bean	Видимое BACAP сообщение из bacap.zip:data/bacap_rewards/function/reward/mining/mr_bean.mcfunction	VANILLA_RU	Блок рудного железа	Ключ переведён в actual vanilla Minecraft 26.2 ru_ru.
block.minecraft.pumpkin	block.minecraft.pumpkin	MESSAGE	blazeandcave:reward/naturally_carved	Видимое BACAP сообщение из bacap.zip:data/bacap_rewards/function/reward/farming/naturally_carved.mcfunction	VANILLA_RU	Тыква	Ключ переведён в actual vanilla Minecraft 26.2 ru_ru.
item.minecraft.golden_sword	item.minecraft.golden_sword	MESSAGE	blazeandcave:reward/nerds_never_die	Видимое BACAP сообщение из bacap.zip:data/bacap_rewards/function/reward/adventure/nerds_never_die.mcfunction	VANILLA_RU	Золотой меч	Ключ переведён в actual vanilla Minecraft 26.2 ru_ru.
block.minecraft.chain	block.minecraft.chain	MESSAGE	blazeandcave:reward/no_chain_no_gain	Видимое BACAP сообщение из bacap.zip:data/bacap_rewards/function/reward/building/no_chain_no_gain.mcfunction	VANILLA_RU	Цепь	Ключ переведён в actual vanilla Minecraft 26.2 ru_ru.
block.minecraft.snow_block	block.minecraft.snow_block	MESSAGE	blazeandcave:reward/olaf	Видимое BACAP сообщение из bacap.zip:data/bacap_rewards/function/reward/farming/olaf.mcfunction	VANILLA_RU	Блок снега	Ключ переведён в actual vanilla Minecraft 26.2 ru_ru.
block.minecraft.bone_block	block.minecraft.bone_block	MESSAGE	blazeandcave:reward/paleontologist	Видимое BACAP сообщение из bacap.zip:data/bacap_rewards/function/reward/monsters/paleontologist.mcfunction	VANILLA_RU	Костный блок	Ключ переведён в actual vanilla Minecraft 26.2 ru_ru.
item.minecraft.stone_shovel	item.minecraft.stone_shovel	MESSAGE	blazeandcave:reward/pathways	Видимое BACAP сообщение из bacap.zip:data/bacap_rewards/function/reward/building/pathways.mcfunction	VANILLA_RU	Каменная лопата	Ключ переведён в actual vanilla Minecraft 26.2 ru_ru.
item.minecraft.sugar	item.minecraft.sugar	MESSAGE	blazeandcave:reward/performance_enhancing_drugs	Видимое BACAP сообщение из bacap.zip:data/bacap_rewards/function/reward/potion/performance_enhancing_drugs.mcfunction	VANILLA_RU	Сахар	Ключ переведён в actual vanilla Minecraft 26.2 ru_ru.
item.minecraft.tipped_arrow.effect.poison	item.minecraft.tipped_arrow.effect.poison	MESSAGE	blazeandcave:reward/poison_dart	Видимое BACAP сообщение из bacap.zip:data/bacap_rewards/function/reward/monsters/poison_dart.mcfunction	VANILLA_RU	Стрела отравления	Ключ переведён в actual vanilla Minecraft 26.2 ru_ru.
item.minecraft.cooked_porkchop	item.minecraft.cooked_porkchop	MESSAGE	blazeandcave:reward/pork_chop	Видимое BACAP сообщение из bacap.zip:data/bacap_rewards/function/reward/animal/pork_chop.mcfunction	VANILLA_RU	Жареная свинина	Ключ переведён в actual vanilla Minecraft 26.2 ru_ru.
enchantment.minecraft.loyalty	enchantment.minecraft.loyalty	MESSAGE	blazeandcave:reward/poseidon_vs_hades	Видимое BACAP сообщение из bacap.zip:data/bacap_rewards/function/reward/weaponry/poseidon_vs_hades.mcfunction	VANILLA_RU	Верность	Ключ переведён в actual vanilla Minecraft 26.2 ru_ru.
item.minecraft.brown_bundle	item.minecraft.brown_bundle	MESSAGE	blazeandcave:reward/pottery_exhibition	Видимое BACAP сообщение из bacap.zip:data/bacap_rewards/function/reward/adventure/pottery_exhibition.mcfunction	VANILLA_RU	Коричневый мешок	Ключ переведён в actual vanilla Minecraft 26.2 ru_ru.
item.minecraft.powder_snow_bucket	item.minecraft.powder_snow_bucket	MESSAGE	blazeandcave:reward/powder_full	Видимое BACAP сообщение из bacap.zip:data/bacap_rewards/function/reward/biomes/powder_full.mcfunction	VANILLA_RU	Ведро с рыхлым снегом	Ключ переведён в actual vanilla Minecraft 26.2 ru_ru.
block.minecraft.redstone_torch	block.minecraft.redstone_torch	MESSAGE	blazeandcave:reward/powerful_light	Видимое BACAP сообщение из bacap.zip:data/bacap_rewards/function/reward/redstone/powerful_light.mcfunction	VANILLA_RU	Редстоуновый факел	Ключ переведён в actual vanilla Minecraft 26.2 ru_ru.
block.minecraft.soul_sand	block.minecraft.soul_sand	MESSAGE	blazeandcave:reward/quicksand	Видимое BACAP сообщение из bacap.zip:data/bacap_rewards/function/reward/nether/quicksand.mcfunction	VANILLA_RU	Песок душ	Ключ переведён в actual vanilla Minecraft 26.2 ru_ru.
item.minecraft.quartz	item.minecraft.quartz	MESSAGE	blazeandcave:reward/quirky_quartz	Видимое BACAP сообщение из bacap.zip:data/bacap_rewards/function/reward/redstone/quirky_quartz.mcfunction	VANILLA_RU	Незерский кварц	Ключ переведён в actual vanilla Minecraft 26.2 ru_ru.
item.minecraft.charcoal	item.minecraft.charcoal	MESSAGE	blazeandcave:reward/renewable_energy	Видимое BACAP сообщение из bacap.zip:data/bacap_rewards/function/reward/mining/renewable_energy.mcfunction	VANILLA_RU	Древесный уголь	Ключ переведён в actual vanilla Minecraft 26.2 ru_ru.
item.minecraft.resin_clump	item.minecraft.resin_clump	MESSAGE	blazeandcave:reward/resinance	Видимое BACAP сообщение из bacap.zip:data/bacap_rewards/function/reward/biomes/resinance.mcfunction	VANILLA_RU	Сгусток смолы	Ключ переведён в actual vanilla Minecraft 26.2 ru_ru.
block.minecraft.turtle_egg	block.minecraft.turtle_egg	MESSAGE	blazeandcave:reward/save_the_turtles	Видимое BACAP сообщение из bacap.zip:data/bacap_rewards/function/reward/animal/save_the_turtles.mcfunction	VANILLA_RU	Черепашье яйцо	Ключ переведён в actual vanilla Minecraft 26.2 ru_ru.
item.minecraft.glowstone_dust	item.minecraft.glowstone_dust	MESSAGE	blazeandcave:reward/seeing_stars	Видимое BACAP сообщение из bacap.zip:data/bacap_rewards/function/reward/nether/seeing_stars.mcfunction	VANILLA_RU	Светокаменная пыль	Ключ переведён в actual vanilla Minecraft 26.2 ru_ru.
block.minecraft.candle	block.minecraft.candle	MESSAGE	blazeandcave:reward/setting_up_the_mood	Видимое BACAP сообщение из bacap.zip:data/bacap_rewards/function/reward/building/setting_up_the_mood.mcfunction	VANILLA_RU	Свеча	Ключ переведён в actual vanilla Minecraft 26.2 ru_ru.
item.minecraft.book	item.minecraft.book	MESSAGE	blazeandcave:reward/shelf_expression	Видимое BACAP сообщение из bacap.zip:data/bacap_rewards/function/reward/building/shelf_expression.mcfunction	VANILLA_RU	Книга	Ключ переведён в actual vanilla Minecraft 26.2 ru_ru.
block.minecraft.shroomlight	block.minecraft.shroomlight	MESSAGE	blazeandcave:reward/shroom_lightyear	Видимое BACAP сообщение из bacap.zip:data/bacap_rewards/function/reward/building/shroom_lightyear.mcfunction	VANILLA_RU	Грибосвет	Ключ переведён в actual vanilla Minecraft 26.2 ru_ru.
block.minecraft.gray_wool	block.minecraft.gray_wool	MESSAGE	blazeandcave:reward/silence_of_the_lambs	Видимое BACAP сообщение из bacap.zip:data/bacap_rewards/function/reward/animal/silence_of_the_lambs.mcfunction	VANILLA_RU	Серая шерсть	Ключ переведён в actual vanilla Minecraft 26.2 ru_ru.
item.minecraft.lava_bucket	item.minecraft.lava_bucket	MESSAGE	blazeandcave:reward/skyblock	Видимое BACAP сообщение из bacap.zip:data/bacap_rewards/function/reward/building/skyblock.mcfunction	VANILLA_RU	Ведро лавы	Ключ переведён в actual vanilla Minecraft 26.2 ru_ru.
enchantment.minecraft.respiration	enchantment.minecraft.respiration	MESSAGE	blazeandcave:reward/sleep_with_the_fishes	Видимое BACAP сообщение из bacap.zip:data/bacap_rewards/function/reward/biomes/sleep_with_the_fishes.mcfunction	VANILLA_RU	Подводное дыхание	Ключ переведён в actual vanilla Minecraft 26.2 ru_ru.
block.minecraft.gray_shulker_box	block.minecraft.gray_shulker_box	MESSAGE	blazeandcave:reward/smithing_with_style	Видимое BACAP сообщение из bacap.zip:data/bacap_rewards/function/reward/adventure/smithing_with_style.mcfunction	VANILLA_RU	Серый шалкеровый ящик	Ключ переведён в actual vanilla Minecraft 26.2 ru_ru.
item.minecraft.snowball	item.minecraft.snowball	MESSAGE	blazeandcave:reward/snowball_fight	Видимое BACAP сообщение из bacap.zip:data/bacap_rewards/function/reward/weaponry/snowball_fight.mcfunction	VANILLA_RU	Снежок	Ключ переведён в actual vanilla Minecraft 26.2 ru_ru.
item.minecraft.beetroot	item.minecraft.beetroot	MESSAGE	blazeandcave:reward/souperman	Видимое BACAP сообщение из bacap.zip:data/bacap_rewards/function/reward/farming/souperman.mcfunction	VANILLA_RU	Свёкла	Ключ переведён в actual vanilla Minecraft 26.2 ru_ru.
enchantment.minecraft.protection	enchantment.minecraft.protection	MESSAGE	blazeandcave:reward/spider_smasher	Видимое BACAP сообщение из bacap.zip:data/bacap_rewards/function/reward/monsters/spider_smasher.mcfunction	VANILLA_RU	Защита	Ключ переведён в actual vanilla Minecraft 26.2 ru_ru.
block.minecraft.packed_ice	block.minecraft.packed_ice	MESSAGE	blazeandcave:reward/spike_ice	Видимое BACAP сообщение из bacap.zip:data/bacap_rewards/function/reward/biomes/spike_ice.mcfunction	VANILLA_RU	Плотный лёд	Ключ переведён в actual vanilla Minecraft 26.2 ru_ru.
block.minecraft.sponge	block.minecraft.sponge	MESSAGE	blazeandcave:reward/sponge_miner	Видимое BACAP сообщение из bacap.zip:data/bacap_rewards/function/reward/adventure/sponge_miner.mcfunction	VANILLA_RU	Губка	Ключ переведён в actual vanilla Minecraft 26.2 ru_ru.
block.minecraft.chest	block.minecraft.chest	MESSAGE	blazeandcave:reward/stationary_storage	Видимое BACAP сообщение из bacap.zip:data/bacap_rewards/function/reward/building/stationary_storage.mcfunction	VANILLA_RU	Сундук	Ключ переведён в actual vanilla Minecraft 26.2 ru_ru.
block.minecraft.magma_block	block.minecraft.magma_block	MESSAGE	blazeandcave:reward/stepping_on_legos	Видимое BACAP сообщение из bacap.zip:data/bacap_rewards/function/reward/nether/stepping_on_legos.mcfunction	VANILLA_RU	Магма	Ключ переведён в actual vanilla Minecraft 26.2 ru_ru.
block.minecraft.cobbled_deepslate	block.minecraft.cobbled_deepslate	MESSAGE	blazeandcave:reward/stone_age	Видимое BACAP сообщение из bacap.zip:data/bacap_rewards/function/reward/mining/stone_age.mcfunction	VANILLA_RU	Колотый глубинный сланец	Ключ переведён в actual vanilla Minecraft 26.2 ru_ru.
block.minecraft.stone	block.minecraft.stone	MESSAGE	blazeandcave:reward/stone_age	Видимое BACAP сообщение из bacap.zip:data/bacap_rewards/function/reward/mining/stone_age.mcfunction	VANILLA_RU	Камень	Ключ переведён в actual vanilla Minecraft 26.2 ru_ru.
block.minecraft.mud	block.minecraft.mud	MESSAGE	blazeandcave:reward/stuck_in_the_mud	Видимое BACAP сообщение из bacap.zip:data/bacap_rewards/function/reward/building/stuck_in_the_mud.mcfunction	VANILLA_RU	Грязь	Ключ переведён в actual vanilla Minecraft 26.2 ru_ru.
block.minecraft.sugar_cane	block.minecraft.sugar_cane	MESSAGE	blazeandcave:reward/sugar_sugar	Видимое BACAP сообщение из bacap.zip:data/bacap_rewards/function/reward/farming/sugar_sugar.mcfunction	VANILLA_RU	Сахарный тростник	Ключ переведён в actual vanilla Minecraft 26.2 ru_ru.
item.minecraft.blaze_powder	item.minecraft.blaze_powder	MESSAGE	blazeandcave:reward/super_strength	Видимое BACAP сообщение из bacap.zip:data/bacap_rewards/function/reward/potion/super_strength.mcfunction	VANILLA_RU	Огненный порошок	Ключ переведён в actual vanilla Minecraft 26.2 ru_ru.
enchantment.minecraft.riptide	enchantment.minecraft.riptide	MESSAGE	blazeandcave:reward/the_aquatic_hunter	Видимое BACAP сообщение из bacap.zip:data/bacap_rewards/function/reward/weaponry/the_aquatic_hunter.mcfunction	VANILLA_RU	Тягун	Ключ переведён в actual vanilla Minecraft 26.2 ru_ru.
block.minecraft.wet_sponge	block.minecraft.wet_sponge	MESSAGE	blazeandcave:reward/the_deep_end	Видимое BACAP сообщение из bacap.zip:data/bacap_rewards/function/reward/adventure/the_deep_end.mcfunction	VANILLA_RU	Мокрая губка	Ключ переведён в actual vanilla Minecraft 26.2 ru_ru.
block.minecraft.sculk	block.minecraft.sculk	MESSAGE	blazeandcave:reward/the_incredible_sculk	Видимое BACAP сообщение из bacap.zip:data/bacap_rewards/function/reward/redstone/the_incredible_sculk.mcfunction	VANILLA_RU	Скалк	Ключ переведён в actual vanilla Minecraft 26.2 ru_ru.
item.minecraft.melon_slice	item.minecraft.melon_slice	MESSAGE	blazeandcave:reward/the_melon_the_melon_the_melon	Видимое BACAP сообщение из bacap.zip:data/bacap_rewards/function/reward/farming/the_melon_the_melon_the_melon.mcfunction	VANILLA_RU	Ломтик арбуза	Ключ переведён в actual vanilla Minecraft 26.2 ru_ru.
block.minecraft.melon	block.minecraft.melon	MESSAGE	blazeandcave:reward/the_meloncholy_dane	Видимое BACAP сообщение из bacap.zip:data/bacap_rewards/function/reward/farming/the_meloncholy_dane.mcfunction	VANILLA_RU	Арбуз	Ключ переведён в actual vanilla Minecraft 26.2 ru_ru.
item.minecraft.pumpkin_pie	item.minecraft.pumpkin_pie	MESSAGE	blazeandcave:reward/the_pie	Видимое BACAP сообщение из bacap.zip:data/bacap_rewards/function/reward/farming/the_pie.mcfunction	VANILLA_RU	Тыквенный пирог	Ключ переведён в actual vanilla Minecraft 26.2 ru_ru.
block.minecraft.gravel	block.minecraft.gravel	MESSAGE	blazeandcave:reward/the_rainbow_you_always_wanted	Видимое BACAP сообщение из bacap.zip:data/bacap_rewards/function/reward/building/the_rainbow_you_always_wanted.mcfunction	VANILLA_RU	Гравий	Ключ переведён в actual vanilla Minecraft 26.2 ru_ru.
block.minecraft.black_candle	block.minecraft.black_candle	MESSAGE	blazeandcave:reward/the_ritual_begins	Видимое BACAP сообщение из bacap.zip:data/bacap_rewards/function/reward/building/the_ritual_begins.mcfunction	VANILLA_RU	Чёрная свеча	Ключ переведён в actual vanilla Minecraft 26.2 ru_ru.
block.minecraft.sunflower	block.minecraft.sunflower	MESSAGE	blazeandcave:reward/theres_a_zombie_on_the_lawn	Видимое BACAP сообщение из bacap.zip:data/bacap_rewards/function/reward/biomes/theres_a_zombie_on_the_lawn.mcfunction	VANILLA_RU	Подсолнух	Ключ переведён в actual vanilla Minecraft 26.2 ru_ru.
block.minecraft.blue_ice	block.minecraft.blue_ice	MESSAGE	blazeandcave:reward/thick_ice	Видимое BACAP сообщение из bacap.zip:data/bacap_rewards/function/reward/biomes/thick_ice.mcfunction	VANILLA_RU	Синий лёд	Ключ переведён в actual vanilla Minecraft 26.2 ru_ru.
item.minecraft.netherite_upgrade_smithing_template	item.minecraft.netherite_upgrade_smithing_template	MESSAGE	blazeandcave:reward/time_to_upgrade	Видимое BACAP сообщение из bacap.zip:data/bacap_rewards/function/reward/nether/time_to_upgrade.mcfunction	VANILLA_RU	Кузнечный шаблон	Ключ переведён в actual vanilla Minecraft 26.2 ru_ru.
block.minecraft.scaffolding	block.minecraft.scaffolding	MESSAGE	blazeandcave:reward/top_of_the_world	Видимое BACAP сообщение из bacap.zip:data/bacap_rewards/function/reward/biomes/top_of_the_world.mcfunction	VANILLA_RU	Подмостки	Ключ переведён в actual vanilla Minecraft 26.2 ru_ru.
item.minecraft.fishing_rod	item.minecraft.fishing_rod	MESSAGE	blazeandcave:reward/totally_not_an_afk_fisher	Видимое BACAP сообщение из bacap.zip:data/bacap_rewards/function/reward/animal/totally_not_an_afk_fisher.mcfunction	VANILLA_RU	Удочка	Ключ переведён в actual vanilla Minecraft 26.2 ru_ru.
block.minecraft.sculk_sensor	block.minecraft.sculk_sensor	MESSAGE	blazeandcave:reward/vibe_check	Видимое BACAP сообщение из bacap.zip:data/bacap_rewards/function/reward/redstone/vibe_check.mcfunction	VANILLA_RU	Скалковый сенсор	Ключ переведён в actual vanilla Minecraft 26.2 ru_ru.
item.minecraft.mutton	item.minecraft.mutton	MESSAGE	blazeandcave:reward/wooly	Видимое BACAP сообщение из bacap.zip:data/bacap_rewards/function/reward/animal/wooly.mcfunction	VANILLA_RU	Сырая баранина	Ключ переведён в actual vanilla Minecraft 26.2 ru_ru.
Eighth line complete...	Eighth line complete...	MESSAGE	blazeandcave:riddle/eighth_line	Видимое BACAP сообщение из bacap.zip:data/blazeandcave/function/riddle/eighth_line.mcfunction	MANUAL_REQUIRED		Пользовательский текст без покрытия official/vanilla источниками.
Fifth line complete...	Fifth line complete...	MESSAGE	blazeandcave:riddle/fifth_line	Видимое BACAP сообщение из bacap.zip:data/blazeandcave/function/riddle/fifth_line.mcfunction	MANUAL_REQUIRED		Пользовательский текст без покрытия official/vanilla источниками.
First line complete...	First line complete...	MESSAGE	blazeandcave:riddle/first_line	Видимое BACAP сообщение из bacap.zip:data/blazeandcave/function/riddle/first_line.mcfunction	MANUAL_REQUIRED		Пользовательский текст без покрытия official/vanilla источниками.
Fourth line complete...	Fourth line complete...	MESSAGE	blazeandcave:riddle/fourth_line	Видимое BACAP сообщение из bacap.zip:data/blazeandcave/function/riddle/fourth_line.mcfunction	MANUAL_REQUIRED		Пользовательский текст без покрытия official/vanilla источниками.
Ninth line complete...	Ninth line complete...	MESSAGE	blazeandcave:riddle/ninth_line	Видимое BACAP сообщение из bacap.zip:data/blazeandcave/function/riddle/ninth_line.mcfunction	MANUAL_REQUIRED		Пользовательский текст без покрытия official/vanilla источниками.
Second line complete...	Second line complete...	MESSAGE	blazeandcave:riddle/second_line	Видимое BACAP сообщение из bacap.zip:data/blazeandcave/function/riddle/second_line.mcfunction	MANUAL_REQUIRED		Пользовательский текст без покрытия official/vanilla источниками.
Seventh line complete...	Seventh line complete...	MESSAGE	blazeandcave:riddle/seventh_line	Видимое BACAP сообщение из bacap.zip:data/blazeandcave/function/riddle/seventh_line.mcfunction	MANUAL_REQUIRED		Пользовательский текст без покрытия official/vanilla источниками.
Sixth line complete...	Sixth line complete...	MESSAGE	blazeandcave:riddle/sixth_line	Видимое BACAP сообщение из bacap.zip:data/blazeandcave/function/riddle/sixth_line.mcfunction	MANUAL_REQUIRED		Пользовательский текст без покрытия official/vanilla источниками.
Third line complete...	Third line complete...	MESSAGE	blazeandcave:riddle/third_line	Видимое BACAP сообщение из bacap.zip:data/blazeandcave/function/riddle/third_line.mcfunction	MANUAL_REQUIRED		Пользовательский текст без покрытия official/vanilla источниками.
Aqua Team	Aqua Team	MESSAGE	blazeandcave:start_timers.mcfunction/start_timers	Видимое BACAP сообщение из bacap.zip:data/blazeandcave/function/start_timers.mcfunction	MANUAL_REQUIRED		Пользовательский текст без покрытия official/vanilla источниками.
Black Team	Black Team	MESSAGE	blazeandcave:start_timers.mcfunction/start_timers	Видимое BACAP сообщение из bacap.zip:data/blazeandcave/function/start_timers.mcfunction	MANUAL_REQUIRED		Пользовательский текст без покрытия official/vanilla источниками.
Blue Team	Blue Team	MESSAGE	blazeandcave:start_timers.mcfunction/start_timers	Видимое BACAP сообщение из bacap.zip:data/blazeandcave/function/start_timers.mcfunction	MANUAL_REQUIRED		Пользовательский текст без покрытия official/vanilla источниками.
Dark Aqua Team	Dark Aqua Team	MESSAGE	blazeandcave:start_timers.mcfunction/start_timers	Видимое BACAP сообщение из bacap.zip:data/blazeandcave/function/start_timers.mcfunction	MANUAL_REQUIRED		Пользовательский текст без покрытия official/vanilla источниками.
Dark Blue Team	Dark Blue Team	MESSAGE	blazeandcave:start_timers.mcfunction/start_timers	Видимое BACAP сообщение из bacap.zip:data/blazeandcave/function/start_timers.mcfunction	MANUAL_REQUIRED		Пользовательский текст без покрытия official/vanilla источниками.
Dark Gray Team	Dark Gray Team	MESSAGE	blazeandcave:start_timers.mcfunction/start_timers	Видимое BACAP сообщение из bacap.zip:data/blazeandcave/function/start_timers.mcfunction	MANUAL_REQUIRED		Пользовательский текст без покрытия official/vanilla источниками.
Dark Green Team	Dark Green Team	MESSAGE	blazeandcave:start_timers.mcfunction/start_timers	Видимое BACAP сообщение из bacap.zip:data/blazeandcave/function/start_timers.mcfunction	MANUAL_REQUIRED		Пользовательский текст без покрытия official/vanilla источниками.
Dark Purple Team	Dark Purple Team	MESSAGE	blazeandcave:start_timers.mcfunction/start_timers	Видимое BACAP сообщение из bacap.zip:data/blazeandcave/function/start_timers.mcfunction	MANUAL_REQUIRED		Пользовательский текст без покрытия official/vanilla источниками.
Dark Red Team	Dark Red Team	MESSAGE	blazeandcave:start_timers.mcfunction/start_timers	Видимое BACAP сообщение из bacap.zip:data/blazeandcave/function/start_timers.mcfunction	MANUAL_REQUIRED		Пользовательский текст без покрытия official/vanilla источниками.
Gold Team	Gold Team	MESSAGE	blazeandcave:start_timers.mcfunction/start_timers	Видимое BACAP сообщение из bacap.zip:data/blazeandcave/function/start_timers.mcfunction	MANUAL_REQUIRED		Пользовательский текст без покрытия official/vanilla источниками.
Gray Team	Gray Team	MESSAGE	blazeandcave:start_timers.mcfunction/start_timers	Видимое BACAP сообщение из bacap.zip:data/blazeandcave/function/start_timers.mcfunction	MANUAL_REQUIRED		Пользовательский текст без покрытия official/vanilla источниками.
Green Team	Green Team	MESSAGE	blazeandcave:start_timers.mcfunction/start_timers	Видимое BACAP сообщение из bacap.zip:data/blazeandcave/function/start_timers.mcfunction	MANUAL_REQUIRED		Пользовательский текст без покрытия official/vanilla источниками.
Light Purple Team	Light Purple Team	MESSAGE	blazeandcave:start_timers.mcfunction/start_timers	Видимое BACAP сообщение из bacap.zip:data/blazeandcave/function/start_timers.mcfunction	MANUAL_REQUIRED		Пользовательский текст без покрытия official/vanilla источниками.
Red Team	Red Team	MESSAGE	blazeandcave:start_timers.mcfunction/start_timers	Видимое BACAP сообщение из bacap.zip:data/blazeandcave/function/start_timers.mcfunction	MANUAL_REQUIRED		Пользовательский текст без покрытия official/vanilla источниками.
White Team	White Team	MESSAGE	blazeandcave:start_timers.mcfunction/start_timers	Видимое BACAP сообщение из bacap.zip:data/blazeandcave/function/start_timers.mcfunction	MANUAL_REQUIRED		Пользовательский текст без покрытия official/vanilla источниками.
Yellow Team	Yellow Team	MESSAGE	blazeandcave:start_timers.mcfunction/start_timers	Видимое BACAP сообщение из bacap.zip:data/blazeandcave/function/start_timers.mcfunction	MANUAL_REQUIRED		Пользовательский текст без покрытия official/vanilla источниками.
Let Me Out	Let Me Out	MESSAGE	blazeandcave:timers_trigger.mcfunction/timers_trigger	Видимое BACAP сообщение из bacap.zip:data/blazeandcave/function/timers_trigger.mcfunction	MANUAL_REQUIRED		Пользовательский текст без покрытия official/vanilla источниками.
This isn't just any fence post...	This isn't just any fence post...	MESSAGE	blazeandcave:trophy/a_rather_pointy_fence_post	Видимое BACAP сообщение из bacap.zip:data/bacap_rewards/function/trophy/enchanting/a_rather_pointy_fence_post.mcfunction	MANUAL_REQUIRED		Пользовательский текст без покрытия official/vanilla источниками.
Looks like a slimy slug sucked all the power out of it...	Looks like a slimy slug sucked all the power out of it...	MESSAGE	blazeandcave:trophy/amethyst_miner	Видимое BACAP сообщение из bacap.zip:data/bacap_rewards/function/trophy/mining/amethyst_miner.mcfunction	MANUAL_REQUIRED		Пользовательский текст без покрытия official/vanilla источниками.
"""No, let's detonate instead!"" says his brother, Cherry #2"	"""No, let's detonate instead!"" says his brother, Cherry #2"	MESSAGE	blazeandcave:trophy/cherry_bomb	Видимое BACAP сообщение из bacap.zip:data/bacap_rewards/function/trophy/building/cherry_bomb.mcfunction	MANUAL_REQUIRED		Пользовательский текст без покрытия official/vanilla источниками.
Just imagine how much cobblestone it contains...	Just imagine how much cobblestone it contains...	MESSAGE	blazeandcave:trophy/chestful_of_cobblestone	Видимое BACAP сообщение из bacap.zip:data/bacap_rewards/function/trophy/mining/chestful_of_cobblestone.mcfunction	MANUAL_REQUIRED		Пользовательский текст без покрытия official/vanilla источниками.
In the jungle, the mighty jungle,\n\nThe lion sleeps tonight\n\nIn the jungle, the quiet jungle,\n\nThe lion sleeps tonight	In the jungle, the mighty jungle,\n\nThe lion sleeps tonight\n\nIn the jungle, the quiet jungle,\n\nThe lion sleeps tonight	MESSAGE	blazeandcave:trophy/edge_of_the_jungle	Видимое BACAP сообщение из bacap.zip:data/bacap_rewards/function/trophy/biomes/edge_of_the_jungle.mcfunction	MANUAL_REQUIRED		Пользовательский текст без покрытия official/vanilla источниками.
Newton's third law - the only way humans have ever	Newton's third law - the only way humans have ever	MESSAGE	blazeandcave:trophy/event_horizon	Видимое BACAP сообщение из bacap.zip:data/bacap_rewards/function/trophy/end/event_horizon.mcfunction	INTENTIONAL_MANUAL_CORRECTION		Пользователь утвердил ручную композицию runtime-фразы для Event Horizon; manual correction имеет приоритет над historical official RU.
and they don't stop coming...	and they don't stop coming...	MESSAGE	blazeandcave:trophy/fractal	Видимое BACAP сообщение из bacap.zip:data/bacap_rewards/function/trophy/animal/fractal.mcfunction	MANUAL_REQUIRED		Пользовательский текст без покрытия official/vanilla источниками.
yet so elusive...	yet so elusive...	MESSAGE	blazeandcave:trophy/giga_xp_grinder	Видимое BACAP сообщение из bacap.zip:data/bacap_rewards/function/trophy/statistics/giga_xp_grinder.mcfunction	MANUAL_REQUIRED		Пользовательский текст без покрытия official/vanilla источниками.
It's a sword, axe and...	It's a sword, axe and...	MESSAGE	blazeandcave:trophy/multiclassed	Видимое BACAP сообщение из bacap.zip:data/bacap_rewards/function/trophy/weaponry/multiclassed.mcfunction	MANUAL_REQUIRED		Пользовательский текст без покрытия official/vanilla источниками.
Barry B. Benson	Barry B. Benson	MESSAGE	blazeandcave:trophy/nest_quick	Видимое BACAP сообщение из bacap.zip:data/bacap_rewards/function/trophy/animal/nest_quick.mcfunction	PROPER_NAME_NO_TRANSLATION		Собственное имя/бренд; перевод не требуется.
This sign can't stop me because I can't see!	This sign can't stop me because I can't see!	MESSAGE	blazeandcave:trophy/not_afraid_of_heights	Видимое BACAP сообщение из bacap.zip:data/bacap_rewards/function/trophy/monsters/not_afraid_of_heights.mcfunction	MANUAL_REQUIRED		Пользовательский текст без покрытия official/vanilla источниками.
gets kinda boring after awhile...)	gets kinda boring after awhile...)	MESSAGE	blazeandcave:trophy/over_overkill	Видимое BACAP сообщение из bacap.zip:data/bacap_rewards/function/trophy/enchanting/over_overkill.mcfunction	MANUAL_REQUIRED		Пользовательский текст без покрытия official/vanilla источниками.
This is getting out of hand...	This is getting out of hand...	MESSAGE	blazeandcave:trophy/overwarden	Видимое BACAP сообщение из bacap.zip:data/bacap_rewards/function/trophy/challenges/overwarden.mcfunction	MANUAL_REQUIRED		Пользовательский текст без покрытия official/vanilla источниками.
Awarded to distinguished individuals who complete Etho's challenge	Awarded to distinguished individuals who complete Etho's challenge	MESSAGE	blazeandcave:trophy/pupil_poppers	Видимое BACAP сообщение из bacap.zip:data/bacap_rewards/function/trophy/monsters/pupil_poppers.mcfunction	MANUAL_REQUIRED		Пользовательский текст без покрытия official/vanilla источниками.
Flex Tape	Flex Tape	MESSAGE	blazeandcave:trophy/slabs_for_days	Видимое BACAP сообщение из bacap.zip:data/bacap_rewards/function/trophy/building/slabs_for_days.mcfunction	PROPER_NAME_NO_TRANSLATION		Собственное имя/бренд; перевод не требуется.
The Moon Lord fears no weapon, but this one... it scares him	The Moon Lord fears no weapon, but this one... it scares him	MESSAGE	blazeandcave:trophy/sly_copper_the_copper_heist	Видимое BACAP сообщение из bacap.zip:data/bacap_rewards/function/trophy/mining/sly_copper_the_copper_heist.mcfunction	MANUAL_REQUIRED		Пользовательский текст без покрытия official/vanilla источниками.
It's Wednesday, my dudes!	It's Wednesday, my dudes!	MESSAGE	blazeandcave:trophy/when_the_squad_hops_into_town	Видимое BACAP сообщение из bacap.zip:data/bacap_rewards/function/trophy/animal/when_the_squad_hops_into_town.mcfunction	MANUAL_REQUIRED		Пользовательский текст без покрытия official/vanilla источниками.
2013 - 2020	2013 - 2020	MESSAGE	blazeandcave:trophy/xp_grinder	Видимое BACAP сообщение из bacap.zip:data/bacap_rewards/function/trophy/statistics/xp_grinder.mcfunction	SYMBOL_NO_TRANSLATION		Символ/декоративный фрагмент; перевод не требуется.
